;Amagervaerket 3;Amagervaerket 4;Anholt;Asnaesvaerket 2;Asnaesvaerket 5;Avedoerevaerket 1;Avedoerevaerket 2;DK_KF_AB_GU;Esbjergvaerket 3;Fynsvaerket 7;Horns Rev A;Horns Rev B;Horns Rev C;Kyndbyvaerket 21;Kyndbyvaerket 22;Nordjyllandsvaerket 3;Roedsand 1;Roedsand 2;Silkeborgvaerket;Skaerbaekvaerket 3;Studstrupvaerket 3;Studstrupvaerket 4
;Fossil Hard coal;Biomass;Wind Offshore;Fossil Hard coal;Fossil Hard coal;Biomass;Biomass;Wind Offshore;Fossil Hard coal;Fossil Hard coal;Wind Offshore;Wind Offshore;Wind Offshore;Fossil Oil;Fossil Oil;Fossil Hard coal;Wind Offshore;Wind Offshore;Fossil Gas;Biomass;Biomass;Fossil Hard coal
2021-11-01 00:00:00+01:00;0.0;35.0;366.0;0.0;0.0;72.0;92.0;586.0;1.0;0.0;83.0;153.0;397.0;1.0;0.0;0.0;94.0;198.0;0.0;0.0;141.0;1.0
2021-11-01 01:00:00+01:00;0.0;36.0;345.0;0.0;0.0;71.0;91.0;586.0;1.0;0.0;51.0;126.0;399.0;1.0;0.0;0.0;50.0;195.0;0.0;0.0;134.0;1.0
2021-11-01 02:00:00+01:00;0.0;36.0;377.0;0.0;0.0;84.0;75.0;585.0;1.0;0.0;51.0;163.0;391.0;1.0;0.0;0.0;49.0;171.0;0.0;0.0;127.0;1.0
2021-11-01 03:00:00+01:00;0.0;37.0;304.0;0.0;0.0;71.0;74.0;556.0;1.0;0.0;52.0;126.0;399.0;1.0;0.0;0.0;47.0;136.0;0.0;0.0;156.0;1.0
2021-11-01 04:00:00+01:00;0.0;76.0;382.0;0.0;0.0;80.0;74.0;485.0;81.0;0.0;52.0;198.0;399.0;1.0;0.0;0.0;45.0;151.0;0.0;0.0;206.0;1.0
2021-11-01 05:00:00+01:00;0.0;100.0;380.0;0.0;0.0;84.0;83.0;394.0;102.0;0.0;53.0;171.0;399.0;1.0;0.0;22.0;48.0;94.0;0.0;0.0;143.0;1.0
2021-11-01 06:00:00+01:00;0.0;136.0;341.0;0.0;0.0;111.0;274.0;397.0;147.0;0.0;140.0;189.0;398.0;1.0;0.0;119.0;57.0;63.0;0.0;1.0;150.0;1.0
2021-11-01 07:00:00+01:00;0.0;165.0;242.0;0.0;0.0;110.0;292.0;429.0;300.0;0.0;139.0;201.0;399.0;1.0;0.0;172.0;40.0;53.0;0.0;36.0;264.0;1.0
2021-11-01 08:00:00+01:00;0.0;162.0;231.0;0.0;0.0;110.0;319.0;415.0;123.0;0.0;140.0;196.0;399.0;1.0;0.0;121.0;39.0;78.0;0.0;49.0;209.0;1.0
2021-11-01 09:00:00+01:00;0.0;161.0;247.0;0.0;0.0;128.0;290.0;359.0;90.0;0.0;138.0;185.0;399.0;1.0;0.0;115.0;65.0;101.0;0.0;35.0;161.0;1.0
2021-11-01 10:00:00+01:00;0.0;161.0;210.0;0.0;0.0;132.0;301.0;327.0;138.0;0.0;138.0;202.0;394.0;1.0;0.0;114.0;56.0;155.0;0.0;69.0;225.0;1.0
2021-11-01 11:00:00+01:00;0.0;159.0;270.0;0.0;0.0;112.0;314.0;350.0;114.0;0.0;138.0;147.0;392.0;1.0;0.0;105.0;97.0;193.0;0.0;51.0;148.0;1.0
2021-11-01 12:00:00+01:00;0.0;161.0;319.0;0.0;0.0;107.0;291.0;420.0;148.0;0.0;138.0;201.0;393.0;1.0;0.0;101.0;115.0;174.0;0.0;68.0;267.0;1.0
2021-11-01 13:00:00+01:00;0.0;162.0;362.0;0.0;0.0;111.0;244.0;484.0;109.0;0.0;138.0;193.0;392.0;1.0;0.0;103.0;93.0;148.0;0.0;64.0;187.0;1.0
2021-11-01 14:00:00+01:00;0.0;160.0;373.0;0.0;0.0;108.0;211.0;473.0;100.0;0.0;142.0;153.0;386.0;1.0;0.0;120.0;59.0;138.0;0.0;47.0;156.0;1.0
2021-11-01 15:00:00+01:00;0.0;163.0;357.0;0.0;0.0;116.0;345.0;410.0;88.0;0.0;141.0;196.0;385.0;1.0;0.0;112.0;64.0;148.0;0.0;50.0;242.0;1.0
2021-11-01 16:00:00+01:00;0.0;162.0;366.0;0.0;0.0;122.0;383.0;417.0;93.0;0.0;142.0;201.0;394.0;1.0;0.0;117.0;95.0;144.0;0.0;65.0;193.0;1.0
2021-11-01 17:00:00+01:00;0.0;162.0;376.0;0.0;0.0;113.0;337.0;359.0;72.0;0.0;141.0;171.0;399.0;1.0;0.0;123.0;95.0;142.0;0.0;37.0;159.0;1.0
2021-11-01 18:00:00+01:00;0.0;162.0;369.0;0.0;0.0;113.0;336.0;282.0;80.0;0.0;141.0;173.0;398.0;1.0;0.0;107.0;81.0;130.0;0.0;52.0;156.0;1.0
2021-11-01 19:00:00+01:00;0.0;163.0;368.0;0.0;0.0;111.0;284.0;266.0;110.0;0.0;142.0;191.0;399.0;1.0;0.0;110.0;72.0;116.0;0.0;63.0;201.0;1.0
2021-11-01 20:00:00+01:00;0.0;161.0;367.0;0.0;0.0;112.0;307.0;244.0;70.0;0.0;142.0;171.0;398.0;1.0;0.0;108.0;70.0;105.0;0.0;28.0;139.0;1.0
2021-11-01 21:00:00+01:00;0.0;160.0;353.0;0.0;0.0;109.0;297.0;206.0;93.0;0.0;142.0;191.0;399.0;1.0;0.0;104.0;34.0;78.0;0.0;24.0;134.0;1.0
2021-11-01 22:00:00+01:00;0.0;160.0;329.0;0.0;0.0;109.0;300.0;164.0;90.0;0.0;142.0;201.0;399.0;1.0;0.0;102.0;24.0;65.0;0.0;25.0;157.0;1.0
2021-11-01 23:00:00+01:00;0.0;162.0;288.0;0.0;0.0;105.0;207.0;111.0;85.0;0.0;141.0;197.0;399.0;1.0;0.0;102.0;21.0;58.0;0.0;25.0;158.0;1.0
2021-11-02 00:00:00+01:00;0.0;163.0;243.0;0.0;0.0;97.0;229.0;69.0;85.0;0.0;135.0;136.0;397.0;1.0;0.0;119.0;19.0;44.0;0.0;22.0;127.0;1.0
2021-11-02 01:00:00+01:00;0.0;161.0;175.0;0.0;0.0;82.0;186.0;29.0;87.0;0.0;122.0;183.0;395.0;1.0;0.0;117.0;13.0;33.0;0.0;21.0;132.0;0.0
2021-11-02 02:00:00+01:00;0.0;160.0;132.0;0.0;0.0;83.0;323.0;15.0;86.0;0.0;129.0;183.0;384.0;1.0;0.0;129.0;7.0;26.0;0.0;22.0;135.0;1.0
2021-11-02 03:00:00+01:00;0.0;160.0;144.0;0.0;0.0;112.0;387.0;7.0;77.0;0.0;123.0;103.0;363.0;1.0;0.0;133.0;0.0;14.0;0.0;21.0;128.0;1.0
2021-11-02 04:00:00+01:00;0.0;158.0;179.0;0.0;0.0;122.0;387.0;1.0;84.0;0.0;79.0;114.0;270.0;1.0;0.0;206.0;0.0;10.0;0.0;23.0;247.0;0.0
2021-11-02 05:00:00+01:00;0.0;159.0;152.0;0.0;0.0;86.0;222.0;39.0;87.0;0.0;71.0;71.0;200.0;1.0;0.0;166.0;0.0;11.0;0.0;23.0;149.0;1.0
2021-11-02 06:00:00+01:00;0.0;161.0;103.0;0.0;0.0;130.0;366.0;41.0;293.0;0.0;42.0;119.0;163.0;1.0;0.0;209.0;0.0;3.0;1.0;65.0;304.0;1.0
2021-11-02 07:00:00+01:00;0.0;162.0;68.0;0.0;0.0;142.0;384.0;18.0;238.0;0.0;19.0;125.0;222.0;1.0;0.0;393.0;0.0;1.0;63.0;70.0;330.0;0.0
2021-11-02 08:00:00+01:00;0.0;162.0;52.0;0.0;0.0;144.0;447.0;6.0;250.0;0.0;11.0;61.0;140.0;1.0;0.0;397.0;0.0;0.0;95.0;65.0;333.0;1.0
2021-11-02 09:00:00+01:00;0.0;164.0;42.0;0.0;0.0;144.0;384.0;7.0;244.0;0.0;24.0;55.0;127.0;1.0;0.0;397.0;0.0;0.0;94.0;66.0;338.0;1.0
2021-11-02 10:00:00+01:00;0.0;163.0;29.0;0.0;0.0;138.0;378.0;13.0;257.0;0.0;40.0;36.0;119.0;0.0;7.0;397.0;0.0;0.0;94.0;68.0;257.0;0.0
2021-11-02 11:00:00+01:00;0.0;162.0;24.0;0.0;0.0;127.0;375.0;28.0;250.0;0.0;47.0;52.0;75.0;1.0;0.0;397.0;0.0;0.0;94.0;68.0;321.0;0.0
2021-11-02 12:00:00+01:00;0.0;165.0;19.0;0.0;0.0;136.0;382.0;23.0;179.0;0.0;44.0;39.0;78.0;1.0;0.0;397.0;0.0;0.0;94.0;69.0;305.0;0.0
2021-11-02 13:00:00+01:00;0.0;165.0;24.0;0.0;0.0;138.0;381.0;26.0;257.0;0.0;27.0;8.0;56.0;1.0;0.0;397.0;0.0;0.0;93.0;66.0;311.0;0.0
2021-11-02 14:00:00+01:00;0.0;165.0;14.0;0.0;0.0;144.0;385.0;24.0;276.0;0.0;18.0;1.0;7.0;1.0;0.0;397.0;0.0;0.0;93.0;66.0;331.0;0.0
2021-11-02 15:00:00+01:00;0.0;166.0;9.0;0.0;0.0;143.0;382.0;33.0;260.0;0.0;17.0;14.0;8.0;1.0;0.0;397.0;0.0;0.0;93.0;83.0;345.0;0.0
2021-11-02 16:00:00+01:00;0.0;165.0;8.0;0.0;0.0;143.0;382.0;24.0;309.0;0.0;17.0;19.0;16.0;1.0;0.0;397.0;0.0;1.0;93.0;85.0;348.0;0.0
2021-11-02 17:00:00+01:00;0.0;165.0;9.0;0.0;0.0;142.0;442.0;13.0;351.0;2.0;17.0;30.0;30.0;1.0;0.0;397.0;0.0;1.0;94.0;83.0;349.0;1.0
2021-11-02 18:00:00+01:00;0.0;164.0;14.0;0.0;0.0;141.0;446.0;37.0;253.0;51.0;20.0;25.0;33.0;1.0;0.0;397.0;0.0;1.0;94.0;83.0;351.0;0.0
2021-11-02 19:00:00+01:00;0.0;164.0;20.0;0.0;0.0;142.0;443.0;49.0;241.0;117.0;16.0;0.0;1.0;1.0;0.0;397.0;0.0;2.0;94.0;84.0;351.0;0.0
2021-11-02 20:00:00+01:00;0.0;165.0;11.0;0.0;0.0;134.0;384.0;32.0;237.0;149.0;14.0;5.0;1.0;1.0;0.0;397.0;0.0;6.0;94.0;84.0;347.0;0.0
2021-11-02 21:00:00+01:00;0.0;165.0;8.0;0.0;0.0;136.0;383.0;34.0;205.0;151.0;22.0;10.0;12.0;1.0;0.0;397.0;0.0;6.0;94.0;62.0;330.0;0.0
2021-11-02 22:00:00+01:00;0.0;165.0;17.0;0.0;0.0;129.0;379.0;41.0;211.0;162.0;14.0;20.0;25.0;1.0;0.0;397.0;0.0;3.0;16.0;60.0;280.0;0.0
2021-11-02 23:00:00+01:00;0.0;142.0;25.0;0.0;0.0;130.0;379.0;26.0;244.0;227.0;17.0;22.0;48.0;1.0;0.0;396.0;0.0;2.0;0.0;59.0;275.0;0.0
2021-11-03 00:00:00+01:00;0.0;90.0;12.0;0.0;0.0;130.0;379.0;17.0;223.0;229.0;11.0;23.0;42.0;1.0;0.0;364.0;0.0;1.0;0.0;59.0;269.0;0.0
2021-11-03 01:00:00+01:00;0.0;91.0;20.0;0.0;0.0;130.0;379.0;6.0;265.0;240.0;12.0;27.0;58.0;1.0;0.0;363.0;0.0;0.0;0.0;59.0;268.0;0.0
2021-11-03 02:00:00+01:00;0.0;106.0;23.0;0.0;0.0;129.0;378.0;9.0;220.0;240.0;21.0;30.0;58.0;1.0;0.0;364.0;0.0;0.0;0.0;60.0;269.0;0.0
2021-11-03 03:00:00+01:00;0.0;92.0;13.0;0.0;0.0;129.0;380.0;0.0;255.0;238.0;21.0;16.0;40.0;1.0;0.0;366.0;0.0;0.0;0.0;59.0;268.0;0.0
2021-11-03 04:00:00+01:00;0.0;99.0;7.0;0.0;0.0;128.0;378.0;0.0;269.0;219.0;19.0;9.0;9.0;1.0;0.0;368.0;0.0;0.0;0.0;59.0;277.0;0.0
2021-11-03 05:00:00+01:00;0.0;154.0;1.0;0.0;0.0;127.0;375.0;0.0;275.0;218.0;12.0;32.0;27.0;1.0;0.0;369.0;0.0;0.0;32.0;60.0;274.0;0.0
2021-11-03 06:00:00+01:00;0.0;165.0;0.0;0.0;0.0;126.0;384.0;0.0;314.0;223.0;15.0;28.0;42.0;1.0;0.0;387.0;0.0;0.0;94.0;60.0;299.0;0.0
2021-11-03 07:00:00+01:00;0.0;164.0;5.0;0.0;0.0;127.0;485.0;0.0;248.0;213.0;23.0;36.0;49.0;1.0;0.0;398.0;0.0;0.0;94.0;63.0;322.0;0.0
2021-11-03 08:00:00+01:00;0.0;159.0;9.0;0.0;0.0;129.0;518.0;0.0;180.0;205.0;24.0;43.0;64.0;1.0;0.0;397.0;0.0;0.0;94.0;69.0;332.0;0.0
2021-11-03 09:00:00+01:00;0.0;159.0;10.0;0.0;0.0;129.0;518.0;0.0;258.0;201.0;25.0;44.0;70.0;1.0;0.0;397.0;0.0;0.0;94.0;68.0;335.0;0.0
2021-11-03 10:00:00+01:00;0.0;162.0;10.0;0.0;0.0;129.0;518.0;0.0;325.0;169.0;16.0;36.0;61.0;1.0;0.0;397.0;4.0;6.0;94.0;70.0;337.0;0.0
2021-11-03 11:00:00+01:00;0.0;161.0;18.0;0.0;0.0;127.0;518.0;0.0;284.0;170.0;27.0;44.0;69.0;1.0;0.0;397.0;8.0;13.0;94.0;69.0;330.0;0.0
2021-11-03 12:00:00+01:00;0.0;156.0;25.0;0.0;0.0;128.0;517.0;0.0;260.0;131.0;18.0;41.0;81.0;1.0;0.0;368.0;0.0;3.0;94.0;70.0;328.0;0.0
2021-11-03 13:00:00+01:00;0.0;160.0;17.0;0.0;0.0;134.0;518.0;0.0;346.0;20.0;6.0;31.0;61.0;1.0;0.0;367.0;1.0;7.0;94.0;69.0;335.0;0.0
2021-11-03 14:00:00+01:00;0.0;135.0;10.0;0.0;0.0;128.0;518.0;0.0;341.0;0.0;8.0;16.0;26.0;1.0;0.0;368.0;0.0;2.0;94.0;72.0;337.0;0.0
2021-11-03 15:00:00+01:00;0.0;146.0;1.0;0.0;0.0;131.0;518.0;2.0;341.0;0.0;5.0;21.0;24.0;1.0;41.0;369.0;0.0;4.0;94.0;85.0;336.0;0.0
2021-11-03 16:00:00+01:00;0.0;145.0;0.0;0.0;0.0;131.0;518.0;6.0;342.0;0.0;13.0;22.0;34.0;1.0;171.0;388.0;0.0;3.0;95.0;86.0;341.0;0.0
2021-11-03 17:00:00+01:00;0.0;158.0;13.0;0.0;0.0;129.0;518.0;6.0;282.0;40.0;11.0;26.0;46.0;1.0;261.0;397.0;0.0;1.0;94.0;87.0;348.0;0.0
2021-11-03 18:00:00+01:00;0.0;161.0;25.0;0.0;0.0;129.0;518.0;10.0;277.0;155.0;11.0;24.0;43.0;1.0;57.0;397.0;0.0;4.0;94.0;86.0;347.0;0.0
2021-11-03 19:00:00+01:00;0.0;163.0;21.0;0.0;0.0;129.0;518.0;33.0;209.0;261.0;10.0;34.0;45.0;1.0;0.0;397.0;0.0;1.0;94.0;87.0;341.0;0.0
2021-11-03 20:00:00+01:00;0.0;163.0;17.0;0.0;0.0;129.0;518.0;22.0;258.0;231.0;14.0;26.0;40.0;1.0;0.0;397.0;0.0;1.0;94.0;87.0;320.0;0.0
2021-11-03 21:00:00+01:00;0.0;164.0;27.0;0.0;0.0;130.0;455.0;37.0;240.0;182.0;17.0;33.0;46.0;1.0;0.0;384.0;0.0;2.0;94.0;84.0;301.0;0.0
2021-11-03 22:00:00+01:00;0.0;163.0;22.0;0.0;0.0;137.0;450.0;24.0;219.0;167.0;21.0;36.0;55.0;1.0;0.0;384.0;0.0;3.0;17.0;61.0;295.0;0.0
2021-11-03 23:00:00+01:00;0.0;148.0;20.0;0.0;0.0;128.0;448.0;25.0;242.0;158.0;26.0;37.0;65.0;1.0;0.0;368.0;4.0;9.0;0.0;59.0;292.0;0.0
2021-11-04 00:00:00+01:00;0.0;97.0;13.0;0.0;0.0;129.0;384.0;9.0;321.0;103.0;14.0;33.0;53.0;1.0;0.0;374.0;0.0;6.0;0.0;59.0;286.0;0.0
2021-11-04 01:00:00+01:00;0.0;85.0;2.0;0.0;0.0;129.0;373.0;23.0;258.0;88.0;21.0;31.0;60.0;1.0;0.0;367.0;1.0;2.0;0.0;59.0;269.0;0.0
2021-11-04 02:00:00+01:00;0.0;89.0;2.0;0.0;0.0;133.0;372.0;31.0;238.0;93.0;17.0;21.0;36.0;1.0;0.0;368.0;7.0;13.0;0.0;59.0;272.0;0.0
2021-11-04 03:00:00+01:00;0.0;91.0;6.0;0.0;0.0;131.0;372.0;58.0;262.0;91.0;12.0;14.0;16.0;1.0;0.0;368.0;9.0;13.0;0.0;59.0;271.0;0.0
2021-11-04 04:00:00+01:00;0.0;99.0;4.0;0.0;0.0;133.0;372.0;80.0;266.0;91.0;8.0;13.0;5.0;1.0;0.0;368.0;17.0;24.0;0.0;58.0;272.0;0.0
2021-11-04 05:00:00+01:00;0.0;153.0;1.0;0.0;0.0;129.0;373.0;70.0;256.0;93.0;5.0;13.0;8.0;1.0;0.0;370.0;13.0;23.0;0.0;66.0;268.0;0.0
2021-11-04 06:00:00+01:00;0.0;159.0;5.0;0.0;0.0;129.0;380.0;126.0;294.0;96.0;2.0;12.0;3.0;1.0;0.0;388.0;16.0;38.0;64.0;68.0;307.0;0.0
2021-11-04 07:00:00+01:00;0.0;161.0;19.0;0.0;0.0;128.0;417.0;289.0;267.0;168.0;1.0;15.0;17.0;1.0;0.0;391.0;12.0;20.0;94.0;69.0;347.0;0.0
2021-11-04 08:00:00+01:00;0.0;160.0;29.0;0.0;0.0;130.0;454.0;274.0;271.0;296.0;2.0;14.0;17.0;1.0;0.0;396.0;24.0;29.0;94.0;80.0;341.0;0.0
2021-11-04 09:00:00+01:00;0.0;154.0;36.0;0.0;0.0;139.0;455.0;303.0;285.0;317.0;1.0;14.0;16.0;1.0;0.0;397.0;28.0;29.0;94.0;84.0;340.0;0.0
2021-11-04 10:00:00+01:00;0.0;133.0;46.0;0.0;0.0;146.0;442.0;479.0;257.0;250.0;5.0;12.0;18.0;0.0;0.0;397.0;50.0;35.0;94.0;86.0;329.0;0.0
2021-11-04 11:00:00+01:00;0.0;133.0;47.0;0.0;0.0;152.0;379.0;533.0;251.0;133.0;3.0;11.0;23.0;0.0;0.0;398.0;52.0;54.0;94.0;86.0;346.0;0.0
2021-11-04 12:00:00+01:00;0.0;135.0;46.0;0.0;0.0;153.0;380.0;569.0;266.0;92.0;7.0;12.0;25.0;0.0;0.0;368.0;51.0;78.0;94.0;86.0;343.0;0.0
2021-11-04 13:00:00+01:00;0.0;143.0;55.0;0.0;0.0;152.0;380.0;584.0;171.0;90.0;17.0;17.0;48.0;0.0;0.0;368.0;85.0;98.0;77.0;84.0;295.0;0.0
2021-11-04 14:00:00+01:00;0.0;159.0;76.0;0.0;0.0;153.0;381.0;586.0;288.0;90.0;18.0;22.0;39.0;0.0;0.0;368.0;112.0;161.0;71.0;81.0;275.0;0.0
2021-11-04 15:00:00+01:00;0.0;155.0;129.0;0.0;0.0;148.0;380.0;586.0;313.0;90.0;14.0;25.0;40.0;0.0;0.0;373.0;85.0;183.0;94.0;59.0;334.0;0.0
2021-11-04 16:00:00+01:00;0.0;118.0;164.0;0.0;0.0;116.0;356.0;585.0;155.0;91.0;21.0;25.0;44.0;1.0;0.0;383.0;91.0;193.0;94.0;63.0;272.0;0.0
2021-11-04 17:00:00+01:00;0.0;115.0;247.0;0.0;0.0;108.0;312.0;585.0;178.0;14.0;22.0;36.0;72.0;1.0;0.0;252.0;122.0;171.0;94.0;51.0;205.0;0.0
2021-11-04 18:00:00+01:00;0.0;115.0;329.0;0.0;0.0;108.0;170.0;586.0;136.0;0.0;18.0;36.0;74.0;1.0;0.0;177.0;138.0;171.0;94.0;38.0;204.0;0.0
2021-11-04 19:00:00+01:00;0.0;99.0;346.0;0.0;0.0;109.0;126.0;586.0;131.0;0.0;22.0;25.0;60.0;1.0;0.0;157.0;145.0;184.0;87.0;20.0;126.0;0.0
2021-11-04 20:00:00+01:00;0.0;81.0;334.0;0.0;0.0;106.0;142.0;586.0;149.0;49.0;23.0;20.0;55.0;1.0;0.0;168.0;146.0;189.0;54.0;29.0;197.0;0.0
2021-11-04 21:00:00+01:00;0.0;81.0;294.0;0.0;0.0;103.0;118.0;586.0;141.0;117.0;19.0;44.0;86.0;1.0;0.0;166.0;54.0;158.0;54.0;19.0;189.0;0.0
2021-11-04 22:00:00+01:00;0.0;83.0;192.0;0.0;0.0;101.0;173.0;586.0;136.0;123.0;17.0;155.0;193.0;1.0;0.0;140.0;50.0;170.0;55.0;22.0;183.0;0.0
2021-11-04 23:00:00+01:00;0.0;94.0;340.0;0.0;0.0;106.0;251.0;586.0;134.0;16.0;50.0;129.0;260.0;1.0;0.0;159.0;134.0;191.0;13.0;27.0;158.0;0.0
2021-11-05 00:00:00+01:00;0.0;88.0;287.0;0.0;0.0;114.0;270.0;586.0;154.0;0.0;76.0;114.0;218.0;1.0;0.0;159.0;143.0;175.0;0.0;48.0;232.0;0.0
2021-11-05 01:00:00+01:00;0.0;91.0;289.0;0.0;0.0;105.0;282.0;586.0;110.0;0.0;75.0;83.0;205.0;1.0;0.0;129.0;126.0;200.0;0.0;36.0;236.0;0.0
2021-11-05 02:00:00+01:00;0.0;93.0;284.0;0.0;0.0;112.0;294.0;586.0;82.0;0.0;71.0;106.0;236.0;1.0;0.0;130.0;139.0;198.0;0.0;20.0;191.0;0.0
2021-11-05 03:00:00+01:00;0.0;92.0;325.0;0.0;0.0;106.0;279.0;586.0;69.0;71.0;83.0;104.0;310.0;1.0;0.0;131.0;144.0;188.0;0.0;15.0;135.0;0.0
2021-11-05 04:00:00+01:00;0.0;92.0;343.0;0.0;0.0;112.0;271.0;586.0;73.0;5.0;100.0;117.0;344.0;1.0;0.0;130.0;121.0;195.0;0.0;15.0;136.0;0.0
2021-11-05 05:00:00+01:00;0.0;92.0;265.0;0.0;0.0;114.0;301.0;586.0;77.0;0.0;88.0;155.0;329.0;1.0;0.0;130.0;109.0;182.0;0.0;25.0;143.0;0.0
2021-11-05 06:00:00+01:00;0.0;92.0;255.0;0.0;0.0;113.0;251.0;583.0;80.0;0.0;112.0;160.0;356.0;1.0;0.0;163.0;99.0;157.0;0.0;30.0;180.0;0.0
2021-11-05 07:00:00+01:00;0.0;91.0;191.0;0.0;0.0;106.0;211.0;577.0;72.0;0.0;107.0;131.0;379.0;1.0;0.0;362.0;92.0;120.0;0.0;24.0;165.0;0.0
2021-11-05 08:00:00+01:00;0.0;89.0;71.0;0.0;0.0;89.0;220.0;575.0;79.0;0.0;122.0;130.0;391.0;1.0;0.0;345.0;83.0;107.0;0.0;31.0;132.0;0.0
2021-11-05 09:00:00+01:00;0.0;89.0;136.0;0.0;0.0;98.0;178.0;568.0;72.0;0.0;132.0;148.0;384.0;1.0;0.0;301.0;83.0;137.0;0.0;44.0;123.0;0.0
2021-11-05 10:00:00+01:00;0.0;90.0;219.0;0.0;0.0;86.0;129.0;520.0;70.0;0.0;125.0;124.0;359.0;1.0;0.0;299.0;101.0;145.0;0.0;29.0;126.0;0.0
2021-11-05 11:00:00+01:00;0.0;91.0;308.0;0.0;0.0;101.0;182.0;406.0;73.0;0.0;101.0;163.0;378.0;1.0;0.0;329.0;89.0;135.0;0.0;14.0;129.0;0.0
2021-11-05 12:00:00+01:00;0.0;92.0;377.0;0.0;0.0;108.0;262.0;358.0;79.0;0.0;114.0;165.0;391.0;1.0;0.0;289.0;67.0;134.0;0.0;14.0;149.0;0.0
2021-11-05 13:00:00+01:00;0.0;92.0;390.0;0.0;0.0;107.0;287.0;480.0;80.0;0.0;140.0;155.0;396.0;1.0;0.0;135.0;79.0;146.0;0.0;14.0;140.0;0.0
2021-11-05 14:00:00+01:00;0.0;91.0;378.0;0.0;0.0;111.0;274.0;484.0;89.0;0.0;128.0;175.0;390.0;1.0;0.0;112.0;71.0;153.0;0.0;12.0;175.0;0.0
2021-11-05 15:00:00+01:00;0.0;90.0;388.0;0.0;0.0;108.0;286.0;558.0;116.0;0.0;92.0;161.0;332.0;1.0;0.0;132.0;118.0;183.0;0.0;13.0;226.0;0.0
2021-11-05 16:00:00+01:00;0.0;90.0;391.0;0.0;0.0;105.0;263.0;531.0;88.0;0.0;118.0;172.0;368.0;1.0;0.0;126.0;105.0;182.0;0.0;14.0;185.0;0.0
2021-11-05 17:00:00+01:00;0.0;89.0;390.0;0.0;0.0;126.0;306.0;529.0;78.0;0.0;134.0;186.0;377.0;1.0;0.0;133.0;121.0;194.0;0.0;13.0;236.0;0.0
2021-11-05 18:00:00+01:00;0.0;91.0;391.0;0.0;0.0;124.0;307.0;567.0;78.0;0.0;117.0;153.0;372.0;1.0;0.0;252.0;140.0;198.0;0.0;14.0;217.0;0.0
2021-11-05 19:00:00+01:00;0.0;91.0;391.0;0.0;0.0;116.0;307.0;569.0;78.0;0.0;129.0;154.0;372.0;1.0;0.0;136.0;125.0;193.0;0.0;15.0;150.0;0.0
2021-11-05 20:00:00+01:00;0.0;90.0;391.0;0.0;0.0;105.0;281.0;574.0;78.0;0.0;128.0;113.0;397.0;1.0;0.0;121.0;148.0;200.0;0.0;16.0;143.0;0.0
2021-11-05 21:00:00+01:00;0.0;90.0;391.0;0.0;0.0;105.0;256.0;573.0;79.0;0.0;133.0;105.0;397.0;1.0;0.0;118.0;141.0;200.0;0.0;16.0;125.0;0.0
2021-11-05 22:00:00+01:00;0.0;90.0;391.0;0.0;0.0;104.0;287.0;561.0;81.0;0.0;140.0;106.0;393.0;1.0;0.0;121.0;137.0;197.0;0.0;17.0;120.0;0.0
2021-11-05 23:00:00+01:00;0.0;82.0;250.0;0.0;0.0;104.0;239.0;560.0;86.0;0.0;59.0;103.0;393.0;1.0;0.0;129.0;68.0;197.0;0.0;15.0;121.0;0.0
2021-11-06 00:00:00+01:00;0.0;41.0;97.0;0.0;0.0;105.0;164.0;566.0;73.0;0.0;54.0;72.0;386.0;1.0;0.0;105.0;50.0;198.0;0.0;17.0;130.0;0.0
2021-11-06 01:00:00+01:00;0.0;40.0;87.0;0.0;0.0;96.0;124.0;563.0;6.0;0.0;53.0;146.0;389.0;1.0;0.0;101.0;50.0;197.0;0.0;17.0;125.0;0.0
2021-11-06 02:00:00+01:00;0.0;40.0;6.0;0.0;0.0;96.0;119.0;563.0;6.0;0.0;54.0;113.0;364.0;1.0;0.0;102.0;50.0;187.0;0.0;16.0;118.0;0.0
2021-11-06 03:00:00+01:00;0.0;40.0;1.0;0.0;0.0;96.0;104.0;550.0;6.0;0.0;53.0;108.0;392.0;1.0;0.0;102.0;50.0;193.0;0.0;16.0;118.0;0.0
2021-11-06 04:00:00+01:00;0.0;39.0;87.0;0.0;0.0;102.0;103.0;563.0;6.0;0.0;52.0;101.0;387.0;1.0;0.0;102.0;49.0;196.0;0.0;16.0;118.0;0.0
2021-11-06 05:00:00+01:00;0.0;40.0;41.0;0.0;0.0;100.0;124.0;561.0;6.0;0.0;52.0;90.0;391.0;1.0;0.0;102.0;49.0;198.0;0.0;14.0;118.0;0.0
2021-11-06 06:00:00+01:00;0.0;41.0;149.0;0.0;0.0;78.0;126.0;564.0;6.0;0.0;52.0;100.0;389.0;1.0;0.0;105.0;50.0;195.0;0.0;14.0;119.0;0.0
2021-11-06 07:00:00+01:00;0.0;41.0;186.0;0.0;0.0;92.0;193.0;559.0;37.0;0.0;52.0;114.0;389.0;1.0;0.0;107.0;50.0;184.0;0.0;14.0;124.0;0.0
2021-11-06 08:00:00+01:00;0.0;35.0;186.0;0.0;0.0;94.0;229.0;545.0;119.0;0.0;52.0;150.0;394.0;1.0;0.0;115.0;99.0;168.0;0.0;14.0;139.0;0.0
2021-11-06 09:00:00+01:00;0.0;34.0;186.0;0.0;0.0;92.0;229.0;547.0;99.0;0.0;52.0;147.0;398.0;1.0;0.0;130.0;70.0;179.0;0.0;14.0;121.0;0.0
2021-11-06 10:00:00+01:00;0.0;43.0;186.0;0.0;0.0;91.0;0.0;569.0;101.0;0.0;52.0;171.0;392.0;1.0;0.0;130.0;49.0;199.0;0.0;14.0;122.0;0.0
2021-11-06 11:00:00+01:00;0.0;113.0;186.0;0.0;0.0;91.0;0.0;556.0;133.0;0.0;52.0;176.0;382.0;1.0;0.0;130.0;48.0;194.0;0.0;14.0;130.0;0.0
2021-11-06 12:00:00+01:00;0.0;159.0;186.0;0.0;0.0;87.0;0.0;565.0;117.0;0.0;139.0;167.0;381.0;1.0;0.0;129.0;51.0;193.0;0.0;14.0;138.0;0.0
2021-11-06 13:00:00+01:00;0.0;159.0;186.0;0.0;0.0;87.0;0.0;577.0;115.0;0.0;128.0;199.0;397.0;1.0;0.0;130.0;138.0;194.0;0.0;15.0;185.0;0.0
2021-11-06 14:00:00+01:00;0.0;157.0;186.0;0.0;0.0;87.0;60.0;577.0;96.0;0.0;138.0;188.0;399.0;1.0;0.0;130.0;140.0;195.0;0.0;15.0;133.0;0.0
2021-11-06 15:00:00+01:00;0.0;153.0;176.0;0.0;0.0;88.0;117.0;578.0;73.0;0.0;141.0;154.0;399.0;1.0;0.0;130.0;96.0;197.0;0.0;15.0;130.0;0.0
2021-11-06 16:00:00+01:00;0.0;100.0;122.0;0.0;0.0;83.0;144.0;578.0;92.0;0.0;142.0;186.0;399.0;1.0;0.0;130.0;74.0;198.0;0.0;22.0;169.0;0.0
2021-11-06 17:00:00+01:00;0.0;87.0;317.0;0.0;0.0;76.0;150.0;578.0;82.0;0.0;143.0;171.0;399.0;1.0;0.0;130.0;138.0;198.0;0.0;28.0;155.0;0.0
2021-11-06 18:00:00+01:00;0.0;91.0;329.0;0.0;0.0;86.0;135.0;578.0;109.0;0.0;142.0;161.0;399.0;1.0;0.0;131.0;149.0;198.0;0.0;29.0;126.0;0.0
2021-11-06 19:00:00+01:00;0.0;93.0;277.0;0.0;0.0;89.0;183.0;578.0;146.0;0.0;141.0;175.0;398.0;1.0;0.0;127.0;122.0;197.0;0.0;27.0;137.0;1.0
2021-11-06 20:00:00+01:00;0.0;93.0;361.0;0.0;0.0;90.0;192.0;578.0;155.0;0.0;141.0;145.0;399.0;1.0;0.0;78.0;102.0;198.0;0.0;27.0;123.0;0.0
2021-11-06 21:00:00+01:00;0.0;93.0;362.0;0.0;0.0;89.0;193.0;578.0;175.0;0.0;140.0;189.0;399.0;1.0;0.0;66.0;70.0;200.0;0.0;27.0;150.0;0.0
2021-11-06 22:00:00+01:00;0.0;92.0;299.0;0.0;0.0;87.0;145.0;578.0;184.0;0.0;140.0;138.0;399.0;1.0;0.0;67.0;70.0;201.0;0.0;27.0;127.0;0.0
2021-11-06 23:00:00+01:00;0.0;90.0;80.0;0.0;0.0;88.0;94.0;578.0;116.0;0.0;140.0;181.0;399.0;1.0;0.0;66.0;70.0;200.0;0.0;15.0;156.0;1.0
2021-11-07 00:00:00+01:00;0.0;49.0;189.0;0.0;0.0;85.0;4.0;578.0;20.0;0.0;139.0;166.0;399.0;1.0;0.0;66.0;70.0;200.0;0.0;0.0;170.0;1.0
2021-11-07 01:00:00+01:00;0.0;38.0;308.0;0.0;0.0;85.0;0.0;578.0;1.0;0.0;140.0;178.0;399.0;1.0;0.0;66.0;65.0;200.0;0.0;0.0;172.0;0.0
2021-11-07 02:00:00+01:00;0.0;36.0;385.0;0.0;0.0;86.0;0.0;578.0;1.0;0.0;138.0;175.0;398.0;1.0;0.0;66.0;50.0;200.0;0.0;0.0;165.0;0.0
2021-11-07 03:00:00+01:00;0.0;36.0;371.0;0.0;0.0;85.0;0.0;578.0;1.0;0.0;137.0;140.0;397.0;1.0;0.0;66.0;148.0;200.0;0.0;0.0;179.0;0.0
2021-11-07 04:00:00+01:00;0.0;40.0;353.0;0.0;0.0;85.0;0.0;578.0;1.0;0.0;138.0;158.0;397.0;1.0;0.0;66.0;149.0;200.0;0.0;0.0;174.0;0.0
2021-11-07 05:00:00+01:00;0.0;29.0;158.0;0.0;0.0;87.0;0.0;578.0;1.0;0.0;136.0;145.0;399.0;1.0;0.0;66.0;146.0;200.0;0.0;0.0;150.0;0.0
2021-11-07 06:00:00+01:00;0.0;31.0;390.0;0.0;0.0;86.0;0.0;578.0;1.0;0.0;140.0;114.0;397.0;1.0;0.0;66.0;120.0;200.0;0.0;0.0;138.0;0.0
2021-11-07 07:00:00+01:00;0.0;83.0;391.0;0.0;0.0;96.0;0.0;576.0;1.0;0.0;139.0;126.0;399.0;1.0;0.0;66.0;80.0;200.0;0.0;0.0;141.0;0.0
2021-11-07 08:00:00+01:00;0.0;140.0;390.0;0.0;0.0;111.0;0.0;575.0;1.0;0.0;137.0;197.0;399.0;1.0;0.0;66.0;146.0;200.0;0.0;0.0;180.0;0.0
2021-11-07 09:00:00+01:00;0.0;162.0;394.0;0.0;0.0;109.0;0.0;573.0;1.0;0.0;136.0;169.0;399.0;1.0;0.0;66.0;69.0;200.0;0.0;0.0;140.0;0.0
2021-11-07 10:00:00+01:00;0.0;115.0;395.0;0.0;0.0;99.0;0.0;574.0;1.0;0.0;134.0;188.0;399.0;1.0;0.0;66.0;51.0;200.0;0.0;0.0;167.0;0.0
2021-11-07 11:00:00+01:00;0.0;106.0;396.0;0.0;0.0;114.0;0.0;571.0;1.0;0.0;135.0;182.0;399.0;1.0;0.0;66.0;136.0;197.0;0.0;0.0;163.0;0.0
2021-11-07 12:00:00+01:00;0.0;106.0;396.0;0.0;0.0;114.0;0.0;576.0;1.0;0.0;134.0;140.0;399.0;1.0;0.0;66.0;67.0;200.0;0.0;0.0;146.0;0.0
2021-11-07 13:00:00+01:00;0.0;134.0;396.0;0.0;0.0;109.0;0.0;573.0;1.0;0.0;136.0;105.0;399.0;1.0;0.0;66.0;90.0;200.0;0.0;8.0;144.0;0.0
2021-11-07 14:00:00+01:00;0.0;115.0;396.0;0.0;0.0;100.0;40.0;571.0;1.0;0.0;136.0;129.0;399.0;1.0;0.0;66.0;105.0;200.0;0.0;18.0;143.0;0.0
2021-11-07 15:00:00+01:00;0.0;113.0;396.0;0.0;0.0;98.0;72.0;558.0;23.0;0.0;54.0;194.0;399.0;1.0;0.0;93.0;142.0;200.0;0.0;35.0;188.0;0.0
2021-11-07 16:00:00+01:00;0.0;118.0;396.0;0.0;0.0;116.0;5.0;556.0;96.0;0.0;50.0;163.0;399.0;1.0;0.0;133.0;145.0;200.0;0.0;20.0;137.0;0.0
2021-11-07 17:00:00+01:00;0.0;119.0;396.0;0.0;0.0;102.0;74.0;545.0;126.0;0.0;53.0;146.0;399.0;1.0;0.0;129.0;99.0;200.0;0.0;30.0;133.0;0.0
2021-11-07 18:00:00+01:00;0.0;118.0;396.0;0.0;0.0;105.0;127.0;549.0;102.0;0.0;136.0;135.0;399.0;1.0;0.0;129.0;145.0;200.0;0.0;16.0;129.0;0.0
2021-11-07 19:00:00+01:00;0.0;117.0;396.0;0.0;0.0;112.0;183.0;546.0;97.0;0.0;136.0;151.0;399.0;1.0;0.0;130.0;132.0;195.0;0.0;18.0;140.0;0.0
2021-11-07 20:00:00+01:00;0.0;126.0;396.0;0.0;0.0;107.0;246.0;387.0;99.0;0.0;69.0;146.0;399.0;1.0;0.0;130.0;132.0;196.0;0.0;18.0;126.0;0.0
2021-11-07 21:00:00+01:00;0.0;160.0;396.0;0.0;0.0;109.0;299.0;148.0;116.0;0.0;134.0;181.0;399.0;1.0;0.0;105.0;115.0;181.0;0.0;51.0;172.0;0.0
2021-11-07 22:00:00+01:00;0.0;118.0;396.0;0.0;0.0;114.0;321.0;137.0;151.0;0.0;131.0;141.0;396.0;1.0;0.0;105.0;75.0;138.0;0.0;37.0;148.0;0.0
2021-11-07 23:00:00+01:00;0.0;60.0;396.0;0.0;0.0;118.0;316.0;227.0;108.0;0.0;117.0;185.0;369.0;1.0;0.0;116.0;47.0;91.0;0.0;52.0;148.0;0.0
2021-11-08 00:00:00+01:00;0.0;43.0;396.0;0.0;0.0;106.0;199.0;177.0;100.0;0.0;103.0;108.0;367.0;1.0;0.0;78.0;24.0;65.0;0.0;19.0;129.0;0.0
2021-11-08 01:00:00+01:00;0.0;43.0;396.0;0.0;0.0;91.0;140.0;199.0;115.0;0.0;90.0;89.0;333.0;1.0;0.0;65.0;4.0;66.0;0.0;23.0;132.0;0.0
2021-11-08 02:00:00+01:00;0.0;45.0;396.0;0.0;0.0;104.0;311.0;181.0;100.0;0.0;74.0;108.0;226.0;1.0;0.0;66.0;23.0;39.0;0.0;50.0;229.0;0.0
2021-11-08 03:00:00+01:00;0.0;46.0;396.0;0.0;0.0;114.0;326.0;262.0;108.0;0.0;80.0;131.0;172.0;1.0;0.0;101.0;26.0;31.0;0.0;42.0;160.0;0.0
2021-11-08 04:00:00+01:00;0.0;46.0;396.0;0.0;0.0;92.0;174.0;210.0;76.0;0.0;58.0;106.0;176.0;1.0;0.0;134.0;13.0;15.0;10.0;42.0;190.0;0.0
2021-11-08 05:00:00+01:00;0.0;48.0;396.0;0.0;0.0;90.0;173.0;167.0;105.0;0.0;46.0;56.0;93.0;1.0;0.0;167.0;7.0;12.0;80.0;48.0;250.0;0.0
2021-11-08 06:00:00+01:00;0.0;51.0;396.0;0.0;0.0;116.0;335.0;133.0;105.0;0.0;20.0;21.0;58.0;1.0;0.0;368.0;1.0;5.0;93.0;26.0;185.0;0.0
2021-11-08 07:00:00+01:00;0.0;98.0;396.0;0.0;0.0;126.0;386.0;54.0;213.0;0.0;8.0;23.0;23.0;1.0;0.0;378.0;0.0;0.0;94.0;61.0;277.0;0.0
2021-11-08 08:00:00+01:00;0.0;147.0;396.0;0.0;0.0;126.0;388.0;52.0;269.0;29.0;2.0;9.0;3.0;1.0;0.0;376.0;0.0;0.0;94.0;66.0;327.0;0.0
2021-11-08 09:00:00+01:00;0.0;162.0;396.0;0.0;0.0;125.0;390.0;32.0;267.0;73.0;0.0;22.0;5.0;1.0;0.0;366.0;0.0;0.0;94.0;67.0;317.0;0.0
2021-11-08 10:00:00+01:00;0.0;161.0;396.0;0.0;0.0;128.0;380.0;24.0;207.0;87.0;3.0;35.0;24.0;1.0;0.0;335.0;0.0;0.0;94.0;67.0;324.0;0.0
2021-11-08 11:00:00+01:00;0.0;165.0;143.0;0.0;0.0;126.0;367.0;11.0;239.0;105.0;3.0;26.0;14.0;1.0;0.0;343.0;0.0;0.0;94.0;66.0;303.0;0.0
2021-11-08 12:00:00+01:00;0.0;165.0;87.0;0.0;0.0;127.0;367.0;35.0;167.0;107.0;0.0;7.0;4.0;1.0;0.0;342.0;0.0;0.0;94.0;62.0;273.0;0.0
2021-11-08 13:00:00+01:00;0.0;166.0;55.0;0.0;0.0;126.0;372.0;155.0;272.0;105.0;0.0;4.0;10.0;1.0;0.0;367.0;0.0;0.0;94.0;68.0;319.0;0.0
2021-11-08 14:00:00+01:00;0.0;165.0;47.0;0.0;0.0;127.0;378.0;370.0;204.0;101.0;0.0;12.0;35.0;1.0;0.0;369.0;0.0;0.0;94.0;68.0;334.0;0.0
2021-11-08 15:00:00+01:00;0.0;163.0;68.0;0.0;0.0;127.0;378.0;377.0;307.0;102.0;2.0;7.0;19.0;1.0;0.0;392.0;2.0;9.0;94.0;69.0;284.0;0.0
2021-11-08 16:00:00+01:00;0.0;164.0;69.0;0.0;0.0;128.0;391.0;268.0;273.0;160.0;0.0;3.0;7.0;1.0;0.0;395.0;0.0;11.0;95.0;70.0;311.0;0.0
2021-11-08 17:00:00+01:00;0.0;165.0;67.0;0.0;0.0;128.0;513.0;265.0;292.0;251.0;6.0;8.0;18.0;1.0;0.0;396.0;0.0;6.0;95.0;70.0;344.0;0.0
2021-11-08 18:00:00+01:00;0.0;166.0;82.0;0.0;0.0;127.0;518.0;289.0;250.0;252.0;21.0;34.0;47.0;1.0;0.0;397.0;0.0;0.0;95.0;69.0;341.0;0.0
2021-11-08 19:00:00+01:00;0.0;165.0;133.0;0.0;0.0;126.0;516.0;264.0;202.0;251.0;33.0;52.0;80.0;1.0;0.0;397.0;0.0;5.0;95.0;70.0;318.0;0.0
2021-11-08 20:00:00+01:00;0.0;163.0;115.0;0.0;0.0;127.0;410.0;271.0;181.0;177.0;32.0;67.0;136.0;1.0;0.0;397.0;0.0;2.0;95.0;69.0;284.0;0.0
2021-11-08 21:00:00+01:00;0.0;162.0;107.0;0.0;0.0;125.0;364.0;280.0;265.0;183.0;30.0;60.0;142.0;1.0;0.0;397.0;0.0;2.0;95.0;70.0;303.0;0.0
2021-11-08 22:00:00+01:00;0.0;160.0;88.0;0.0;0.0;125.0;362.0;307.0;278.0;183.0;31.0;24.0;160.0;1.0;0.0;376.0;17.0;6.0;95.0;69.0;314.0;0.0
2021-11-08 23:00:00+01:00;0.0;157.0;84.0;0.0;0.0;124.0;357.0;283.0;306.0;128.0;11.0;19.0;63.0;1.0;0.0;384.0;15.0;16.0;95.0;69.0;279.0;0.0
2021-11-09 00:00:00+01:00;0.0;121.0;131.0;0.0;0.0;121.0;329.0;213.0;254.0;0.0;13.0;56.0;105.0;1.0;0.0;348.0;14.0;15.0;18.0;71.0;272.0;0.0
2021-11-09 01:00:00+01:00;0.0;116.0;209.0;0.0;0.0;112.0;336.0;246.0;194.0;0.0;38.0;47.0;156.0;1.0;0.0;335.0;9.0;23.0;0.0;83.0;280.0;0.0
2021-11-09 02:00:00+01:00;0.0;117.0;274.0;0.0;0.0;110.0;337.0;305.0;329.0;0.0;39.0;69.0;154.0;1.0;0.0;155.0;6.0;19.0;0.0;85.0;305.0;0.0
2021-11-09 03:00:00+01:00;0.0;117.0;335.0;0.0;0.0;110.0;316.0;358.0;173.0;0.0;46.0;94.0;232.0;1.0;0.0;128.0;7.0;6.0;0.0;84.0;311.0;0.0
2021-11-09 04:00:00+01:00;0.0;116.0;361.0;0.0;0.0;108.0;222.0;387.0;143.0;0.0;85.0;148.0;320.0;1.0;0.0;134.0;1.0;11.0;0.0;62.0;255.0;0.0
2021-11-09 05:00:00+01:00;0.0;116.0;379.0;0.0;0.0;109.0;321.0;359.0;155.0;0.0;135.0;192.0;385.0;1.0;0.0;159.0;13.0;29.0;0.0;20.0;167.0;0.0
2021-11-09 06:00:00+01:00;0.0;135.0;345.0;0.0;0.0;126.0;337.0;286.0;196.0;0.0;140.0;190.0;399.0;1.0;0.0;249.0;15.0;22.0;0.0;33.0;157.0;0.0
2021-11-09 07:00:00+01:00;0.0;160.0;376.0;0.0;0.0;127.0;325.0;277.0;195.0;0.0;141.0;166.0;399.0;1.0;0.0;246.0;31.0;53.0;0.0;66.0;208.0;0.0
2021-11-09 08:00:00+01:00;0.0;161.0;390.0;0.0;0.0;119.0;334.0;346.0;301.0;0.0;141.0;172.0;399.0;1.0;0.0;248.0;52.0;97.0;0.0;54.0;147.0;0.0
2021-11-09 09:00:00+01:00;0.0;160.0;395.0;0.0;0.0;127.0;353.0;375.0;348.0;0.0;141.0;183.0;399.0;1.0;0.0;157.0;71.0;111.0;0.0;29.0;140.0;0.0
2021-11-09 10:00:00+01:00;0.0;158.0;396.0;0.0;0.0;128.0;332.0;429.0;369.0;0.0;140.0;182.0;399.0;1.0;0.0;152.0;80.0;126.0;0.0;25.0;118.0;0.0
2021-11-09 11:00:00+01:00;0.0;157.0;396.0;0.0;0.0;124.0;279.0;458.0;318.0;0.0;138.0;202.0;399.0;1.0;0.0;135.0;91.0;157.0;0.0;35.0;208.0;0.0
2021-11-09 12:00:00+01:00;0.0;163.0;395.0;0.0;0.0;107.0;309.0;510.0;174.0;0.0;137.0;189.0;399.0;1.0;0.0;129.0;117.0;192.0;0.0;29.0;173.0;0.0
2021-11-09 13:00:00+01:00;0.0;165.0;396.0;0.0;0.0;105.0;313.0;530.0;183.0;0.0;138.0;201.0;398.0;1.0;0.0;131.0;122.0;194.0;0.0;64.0;314.0;0.0
2021-11-09 14:00:00+01:00;0.0;163.0;396.0;0.0;0.0;101.0;315.0;551.0;193.0;0.0;138.0;203.0;398.0;1.0;0.0;210.0;111.0;180.0;0.0;70.0;225.0;0.0
2021-11-09 15:00:00+01:00;0.0;160.0;396.0;0.0;0.0;104.0;310.0;559.0;193.0;0.0;132.0;203.0;399.0;1.0;0.0;351.0;98.0;147.0;0.0;69.0;153.0;0.0
2021-11-09 16:00:00+01:00;0.0;161.0;396.0;0.0;0.0;104.0;311.0;560.0;167.0;0.0;135.0;203.0;398.0;1.0;0.0;337.0;109.0;156.0;0.0;71.0;266.0;0.0
2021-11-09 17:00:00+01:00;0.0;165.0;396.0;0.0;0.0;101.0;310.0;569.0;184.0;0.0;132.0;202.0;399.0;1.0;0.0;153.0;116.0;175.0;0.0;70.0;246.0;0.0
2021-11-09 18:00:00+01:00;0.0;165.0;396.0;0.0;0.0;102.0;295.0;577.0;134.0;0.0;134.0;193.0;389.0;1.0;0.0;131.0;121.0;190.0;0.0;60.0;230.0;0.0
2021-11-09 19:00:00+01:00;0.0;145.0;396.0;0.0;0.0;106.0;268.0;577.0;168.0;0.0;130.0;200.0;398.0;1.0;0.0;130.0;138.0;194.0;0.0;23.0;132.0;0.0
2021-11-09 20:00:00+01:00;0.0;79.0;393.0;0.0;0.0;109.0;287.0;578.0;135.0;0.0;131.0;196.0;399.0;1.0;0.0;109.0;137.0;193.0;0.0;22.0;117.0;0.0
2021-11-09 21:00:00+01:00;0.0;38.0;395.0;0.0;0.0;107.0;285.0;578.0;177.0;0.0;134.0;201.0;399.0;1.0;0.0;118.0;145.0;198.0;0.0;43.0;130.0;0.0
2021-11-09 22:00:00+01:00;0.0;34.0;396.0;0.0;0.0;107.0;231.0;578.0;123.0;0.0;102.0;188.0;397.0;1.0;0.0;102.0;130.0;191.0;0.0;54.0;194.0;0.0
2021-11-09 23:00:00+01:00;0.0;45.0;394.0;0.0;0.0;101.0;183.0;575.0;98.0;0.0;104.0;152.0;397.0;1.0;0.0;78.0;96.0;156.0;0.0;34.0;166.0;0.0
2021-11-10 00:00:00+01:00;0.0;59.0;392.0;0.0;0.0;92.0;159.0;564.0;82.0;0.0;119.0;153.0;398.0;1.0;0.0;60.0;78.0;125.0;0.0;28.0;152.0;0.0
2021-11-10 01:00:00+01:00;0.0;68.0;394.0;0.0;0.0;96.0;144.0;499.0;81.0;0.0;117.0;190.0;397.0;1.0;0.0;66.0;82.0;124.0;0.0;19.0;191.0;0.0
2021-11-10 02:00:00+01:00;0.0;63.0;394.0;0.0;0.0;97.0;155.0;471.0;80.0;0.0;123.0;111.0;390.0;1.0;0.0;67.0;95.0;131.0;0.0;24.0;124.0;0.0
2021-11-10 03:00:00+01:00;0.0;63.0;394.0;0.0;0.0;96.0;148.0;500.0;81.0;0.0;97.0;133.0;354.0;1.0;0.0;66.0;96.0;127.0;0.0;21.0;131.0;0.0
2021-11-10 04:00:00+01:00;0.0;66.0;396.0;0.0;0.0;96.0;145.0;529.0;81.0;0.0;93.0;96.0;345.0;1.0;0.0;76.0;37.0;115.0;0.0;17.0;129.0;0.0
2021-11-10 05:00:00+01:00;0.0;118.0;396.0;0.0;0.0;89.0;148.0;533.0;81.0;0.0;94.0;97.0;339.0;1.0;0.0;113.0;19.0;119.0;0.0;15.0;128.0;0.0
2021-11-10 06:00:00+01:00;0.0;163.0;396.0;0.0;0.0;104.0;179.0;500.0;87.0;0.0;101.0;115.0;327.0;1.0;0.0;147.0;12.0;68.0;0.0;17.0;136.0;0.0
2021-11-10 07:00:00+01:00;0.0;164.0;396.0;0.0;0.0;109.0;230.0;405.0;134.0;0.0;94.0;135.0;259.0;1.0;0.0;166.0;70.0;116.0;26.0;58.0;205.0;0.0
2021-11-10 08:00:00+01:00;0.0;162.0;392.0;0.0;0.0;102.0;201.0;431.0;241.0;0.0;87.0;119.0;213.0;1.0;0.0;149.0;70.0;95.0;85.0;70.0;337.0;0.0
2021-11-10 09:00:00+01:00;0.0;163.0;352.0;0.0;0.0;125.0;302.0;407.0;299.0;0.0;44.0;38.0;90.0;1.0;0.0;158.0;77.0;125.0;26.0;71.0;341.0;1.0
2021-11-10 10:00:00+01:00;0.0;158.0;228.0;0.0;0.0;103.0;204.0;401.0;129.0;0.0;8.0;23.0;74.0;1.0;0.0;161.0;61.0;89.0;92.0;54.0;233.0;0.0
2021-11-10 11:00:00+01:00;0.0;154.0;214.0;0.0;0.0;115.0;229.0;305.0;142.0;0.0;17.0;49.0;110.0;1.0;0.0;266.0;65.0;85.0;93.0;68.0;231.0;0.0
2021-11-10 12:00:00+01:00;0.0;160.0;209.0;0.0;0.0;127.0;330.0;342.0;218.0;0.0;28.0;44.0;72.0;1.0;0.0;189.0;43.0;72.0;93.0;70.0;302.0;0.0
2021-11-10 13:00:00+01:00;0.0;163.0;164.0;0.0;0.0;129.0;336.0;290.0;194.0;0.0;15.0;56.0;112.0;1.0;0.0;395.0;48.0;57.0;93.0;69.0;324.0;1.0
2021-11-10 14:00:00+01:00;0.0;164.0;176.0;0.0;0.0;128.0;351.0;284.0;251.0;0.0;25.0;35.0;79.0;1.0;0.0;396.0;41.0;49.0;93.0;68.0;347.0;0.0
2021-11-10 15:00:00+01:00;0.0;162.0;177.0;0.0;0.0;125.0;453.0;293.0;352.0;0.0;3.0;21.0;62.0;1.0;0.0;397.0;59.0;74.0;94.0;75.0;349.0;0.0
2021-11-10 16:00:00+01:00;0.0;157.0;114.0;0.0;0.0;126.0;499.0;353.0;329.0;0.0;1.0;9.0;23.0;1.0;0.0;397.0;60.0;84.0;94.0;84.0;351.0;1.0
2021-11-10 17:00:00+01:00;0.0;159.0;100.0;0.0;0.0;127.0;500.0;391.0;290.0;0.0;4.0;6.0;15.0;1.0;29.0;398.0;29.0;35.0;94.0;85.0;353.0;1.0
2021-11-10 18:00:00+01:00;0.0;164.0;89.0;0.0;0.0;126.0;504.0;248.0;278.0;0.0;1.0;4.0;13.0;1.0;3.0;397.0;13.0;15.0;94.0;85.0;347.0;1.0
2021-11-10 19:00:00+01:00;0.0;162.0;82.0;0.0;0.0;123.0;503.0;135.0;263.0;0.0;0.0;1.0;2.0;1.0;0.0;397.0;13.0;10.0;95.0;85.0;342.0;1.0
2021-11-10 20:00:00+01:00;0.0;161.0;75.0;0.0;0.0;120.0;503.0;118.0;306.0;0.0;0.0;0.0;0.0;1.0;0.0;397.0;17.0;21.0;95.0;85.0;320.0;1.0
2021-11-10 21:00:00+01:00;0.0;158.0;53.0;0.0;0.0;126.0;502.0;84.0;277.0;0.0;0.0;0.0;0.0;1.0;0.0;397.0;9.0;18.0;95.0;73.0;330.0;0.0
2021-11-10 22:00:00+01:00;0.0;159.0;36.0;0.0;0.0;121.0;501.0;57.0;258.0;0.0;1.0;0.0;0.0;1.0;0.0;397.0;2.0;11.0;95.0;70.0;318.0;1.0
2021-11-10 23:00:00+01:00;0.0;163.0;28.0;0.0;0.0;123.0;382.0;33.0;252.0;0.0;1.0;0.0;0.0;1.0;0.0;397.0;1.0;9.0;95.0;77.0;269.0;0.0
2021-11-11 00:00:00+01:00;0.0;161.0;15.0;0.0;0.0;134.0;346.0;13.0;243.0;0.0;4.0;12.0;14.0;1.0;0.0;397.0;5.0;10.0;16.0;68.0;285.0;0.0
2021-11-11 01:00:00+01:00;0.0;145.0;0.0;0.0;0.0;135.0;320.0;3.0;250.0;0.0;6.0;20.0;35.0;1.0;0.0;396.0;1.0;6.0;0.0;63.0;276.0;0.0
2021-11-11 02:00:00+01:00;0.0;150.0;0.0;0.0;0.0;140.0;318.0;7.0;235.0;0.0;10.0;37.0;66.0;1.0;0.0;380.0;3.0;6.0;0.0;58.0;268.0;0.0
2021-11-11 03:00:00+01:00;0.0;159.0;0.0;0.0;0.0;148.0;321.0;0.0;170.0;0.0;18.0;54.0;126.0;1.0;0.0;368.0;3.0;8.0;0.0;59.0;269.0;0.0
2021-11-11 04:00:00+01:00;0.0;161.0;13.0;0.0;0.0;146.0;334.0;5.0;173.0;0.0;26.0;46.0;114.0;1.0;0.0;368.0;2.0;12.0;0.0;59.0;268.0;0.0
2021-11-11 05:00:00+01:00;0.0;163.0;24.0;0.0;0.0;148.0;352.0;32.0;267.0;0.0;15.0;35.0;89.0;1.0;0.0;372.0;9.0;20.0;0.0;67.0;274.0;0.0
2021-11-11 06:00:00+01:00;0.0;162.0;71.0;0.0;0.0;151.0;367.0;58.0;323.0;0.0;9.0;50.0;142.0;1.0;0.0;396.0;15.0;31.0;0.0;83.0;316.0;0.0
2021-11-11 07:00:00+01:00;0.0;162.0;150.0;0.0;0.0;155.0;381.0;110.0;234.0;0.0;26.0;74.0;172.0;1.0;0.0;397.0;16.0;31.0;0.0;85.0;347.0;0.0
2021-11-11 08:00:00+01:00;0.0;160.0;275.0;0.0;0.0;154.0;389.0;152.0;236.0;0.0;48.0;114.0;246.0;1.0;0.0;397.0;18.0;29.0;0.0;85.0;342.0;0.0
2021-11-11 09:00:00+01:00;0.0;150.0;293.0;0.0;0.0;155.0;382.0;177.0;189.0;0.0;87.0;138.0;294.0;1.0;0.0;396.0;23.0;36.0;0.0;81.0;216.0;0.0
2021-11-11 10:00:00+01:00;0.0;129.0;297.0;0.0;0.0;154.0;379.0;194.0;242.0;0.0;70.0;161.0;364.0;1.0;0.0;369.0;21.0;47.0;23.0;70.0;153.0;0.0
2021-11-11 11:00:00+01:00;0.0;132.0;262.0;0.0;0.0;154.0;365.0;196.0;283.0;0.0;67.0;184.0;394.0;1.0;0.0;367.0;21.0;49.0;93.0;60.0;117.0;0.0
2021-11-11 12:00:00+01:00;0.0;151.0;277.0;0.0;0.0;127.0;309.0;248.0;182.0;0.0;105.0;191.0;393.0;1.0;0.0;353.0;29.0;61.0;93.0;59.0;134.0;0.0
2021-11-11 13:00:00+01:00;0.0;160.0;214.0;0.0;0.0;153.0;345.0;220.0;236.0;0.0;122.0;177.0;366.0;1.0;0.0;353.0;33.0;73.0;94.0;56.0;126.0;0.0
2021-11-11 14:00:00+01:00;0.0;162.0;219.0;0.0;0.0;153.0;349.0;231.0;241.0;0.0;76.0;126.0;245.0;1.0;0.0;354.0;49.0;102.0;94.0;59.0;131.0;0.0
2021-11-11 15:00:00+01:00;0.0;159.0;362.0;0.0;0.0;155.0;337.0;277.0;247.0;0.0;50.0;97.0;199.0;1.0;0.0;386.0;27.0;17.0;94.0;64.0;292.0;0.0
2021-11-11 16:00:00+01:00;0.0;160.0;379.0;0.0;0.0;151.0;357.0;235.0;214.0;0.0;38.0;69.0;135.0;1.0;0.0;385.0;12.0;23.0;94.0;83.0;349.0;0.0
2021-11-11 17:00:00+01:00;0.0;159.0;360.0;0.0;0.0;150.0;369.0;291.0;240.0;0.0;44.0;64.0;139.0;1.0;0.0;368.0;19.0;45.0;94.0;86.0;350.0;0.0
2021-11-11 18:00:00+01:00;0.0;159.0;353.0;0.0;0.0;141.0;315.0;370.0;255.0;0.0;23.0;47.0;106.0;1.0;0.0;368.0;47.0;80.0;95.0;86.0;351.0;0.0
2021-11-11 19:00:00+01:00;0.0;159.0;372.0;0.0;0.0;141.0;318.0;361.0;250.0;0.0;16.0;40.0;81.0;1.0;0.0;368.0;53.0;104.0;95.0;78.0;352.0;0.0
2021-11-11 20:00:00+01:00;0.0;160.0;372.0;0.0;0.0;144.0;340.0;265.0;280.0;0.0;13.0;25.0;46.0;1.0;0.0;368.0;43.0;84.0;95.0;68.0;341.0;0.0
2021-11-11 21:00:00+01:00;0.0;159.0;342.0;0.0;0.0;143.0;352.0;234.0;150.0;0.0;6.0;16.0;25.0;1.0;0.0;369.0;18.0;41.0;15.0;69.0;319.0;1.0
2021-11-11 22:00:00+01:00;0.0;161.0;288.0;0.0;0.0;143.0;371.0;281.0;215.0;0.0;7.0;17.0;32.0;1.0;0.0;385.0;15.0;39.0;0.0;59.0;281.0;0.0
2021-11-11 23:00:00+01:00;0.0;162.0;207.0;0.0;0.0;138.0;377.0;266.0;298.0;0.0;2.0;8.0;31.0;1.0;0.0;380.0;14.0;32.0;0.0;60.0;287.0;0.0
2021-11-12 00:00:00+01:00;0.0;159.0;155.0;0.0;0.0;121.0;386.0;210.0;259.0;0.0;7.0;19.0;28.0;1.0;0.0;398.0;16.0;31.0;0.0;68.0;297.0;0.0
2021-11-12 01:00:00+01:00;0.0;156.0;104.0;0.0;0.0;125.0;386.0;128.0;266.0;0.0;4.0;12.0;19.0;1.0;0.0;396.0;15.0;36.0;0.0;70.0;290.0;0.0
2021-11-12 02:00:00+01:00;0.0;156.0;90.0;0.0;0.0;126.0;386.0;102.0;265.0;0.0;5.0;10.0;24.0;1.0;0.0;377.0;13.0;27.0;0.0;67.0;285.0;0.0
2021-11-12 03:00:00+01:00;0.0;158.0;66.0;0.0;0.0;131.0;392.0;73.0;237.0;0.0;10.0;20.0;24.0;1.0;0.0;368.0;12.0;26.0;39.0;66.0;275.0;0.0
2021-11-12 04:00:00+01:00;0.0;157.0;31.0;0.0;0.0;131.0;389.0;40.0;232.0;0.0;9.0;21.0;61.0;1.0;0.0;368.0;3.0;10.0;94.0;63.0;277.0;0.0
2021-11-12 05:00:00+01:00;0.0;159.0;41.0;0.0;0.0;126.0;377.0;12.0;223.0;0.0;35.0;69.0;141.0;1.0;0.0;370.0;0.0;5.0;95.0;65.0;312.0;0.0
2021-11-12 06:00:00+01:00;0.0;161.0;44.0;0.0;0.0;127.0;383.0;0.0;194.0;0.0;61.0;72.0;189.0;1.0;0.0;396.0;0.0;2.0;95.0;66.0;334.0;0.0
2021-11-12 07:00:00+01:00;0.0;132.0;54.0;0.0;0.0;126.0;446.0;0.0;157.0;0.0;82.0;35.0;118.0;1.0;0.0;206.0;6.0;12.0;94.0;61.0;241.0;0.0
2021-11-12 08:00:00+01:00;0.0;154.0;32.0;0.0;0.0;126.0;441.0;1.0;321.0;0.0;87.0;87.0;163.0;1.0;0.0;339.0;16.0;25.0;95.0;69.0;328.0;0.0
2021-11-12 09:00:00+01:00;0.0;155.0;39.0;0.0;0.0;126.0;433.0;31.0;214.0;0.0;93.0;116.0;296.0;1.0;0.0;395.0;14.0;39.0;95.0;81.0;339.0;0.0
2021-11-12 10:00:00+01:00;0.0;157.0;32.0;0.0;0.0;126.0;382.0;57.0;124.0;0.0;92.0;127.0;271.0;1.0;0.0;206.0;15.0;41.0;84.0;29.0;274.0;0.0
2021-11-12 11:00:00+01:00;0.0;161.0;58.0;0.0;0.0;109.0;383.0;71.0;99.0;0.0;100.0;147.0;340.0;1.0;0.0;156.0;16.0;36.0;95.0;27.0;208.0;0.0
2021-11-12 12:00:00+01:00;0.0;162.0;93.0;0.0;0.0;107.0;372.0;35.0;99.0;0.0;112.0;150.0;315.0;1.0;0.0;176.0;8.0;27.0;84.0;26.0;245.0;0.0
2021-11-12 13:00:00+01:00;0.0;160.0;142.0;0.0;0.0;127.0;394.0;31.0;97.0;0.0;92.0;183.0;360.0;1.0;0.0;172.0;8.0;32.0;59.0;17.0;126.0;0.0
2021-11-12 14:00:00+01:00;0.0;157.0;166.0;0.0;0.0;120.0;382.0;38.0;114.0;0.0;128.0;170.0;310.0;1.0;0.0;193.0;12.0;36.0;94.0;28.0;233.0;1.0
2021-11-12 15:00:00+01:00;0.0;160.0;205.0;0.0;0.0;127.0;392.0;98.0;201.0;0.0;128.0;191.0;376.0;1.0;0.0;163.0;20.0;35.0;95.0;77.0;319.0;0.0
2021-11-12 16:00:00+01:00;0.0;163.0;298.0;0.0;0.0;127.0;392.0;167.0;193.0;0.0;142.0;199.0;398.0;1.0;0.0;278.0;18.0;52.0;95.0;86.0;240.0;1.0
2021-11-12 17:00:00+01:00;0.0;162.0;332.0;0.0;0.0;127.0;389.0;222.0;164.0;0.0;142.0;193.0;399.0;1.0;0.0;272.0;74.0;147.0;87.0;86.0;203.0;1.0
2021-11-12 18:00:00+01:00;0.0;164.0;310.0;0.0;0.0;120.0;383.0;304.0;105.0;0.0;142.0;133.0;399.0;1.0;0.0;159.0;137.0;199.0;36.0;47.0;118.0;0.0
2021-11-12 19:00:00+01:00;0.0;162.0;311.0;0.0;0.0;106.0;317.0;500.0;108.0;0.0;141.0;122.0;398.0;1.0;0.0;153.0;134.0;199.0;7.0;44.0;119.0;1.0
2021-11-12 20:00:00+01:00;0.0;158.0;368.0;0.0;0.0;98.0;189.0;411.0;108.0;0.0;143.0;171.0;397.0;1.0;0.0;147.0;115.0;189.0;0.0;26.0;134.0;0.0
2021-11-12 21:00:00+01:00;0.0;156.0;350.0;0.0;0.0;95.0;175.0;457.0;130.0;0.0;143.0;180.0;391.0;1.0;0.0;156.0;123.0;182.0;0.0;20.0;146.0;0.0
2021-11-12 22:00:00+01:00;0.0;158.0;342.0;0.0;0.0;102.0;194.0;474.0;124.0;0.0;131.0;176.0;361.0;1.0;0.0;152.0;77.0;156.0;0.0;40.0;245.0;0.0
2021-11-12 23:00:00+01:00;0.0;163.0;340.0;0.0;0.0;119.0;326.0;489.0;110.0;0.0;96.0;170.0;322.0;1.0;0.0;125.0;94.0;125.0;0.0;36.0;229.0;1.0
2021-11-13 00:00:00+01:00;0.0;163.0;317.0;0.0;0.0;114.0;193.0;380.0;84.0;0.0;97.0;130.0;294.0;1.0;0.0;117.0;91.0;138.0;0.0;34.0;169.0;0.0
2021-11-13 01:00:00+01:00;0.0;163.0;308.0;0.0;0.0;121.0;162.0;280.0;75.0;0.0;113.0;136.0;312.0;1.0;0.0;109.0;71.0;97.0;0.0;54.0;209.0;1.0
2021-11-13 02:00:00+01:00;0.0;161.0;274.0;0.0;0.0;126.0;184.0;314.0;103.0;0.0;112.0;131.0;346.0;1.0;0.0;134.0;48.0;59.0;0.0;35.0;208.0;0.0
2021-11-13 03:00:00+01:00;0.0;163.0;283.0;0.0;0.0;121.0;231.0;237.0;262.0;0.0;117.0;145.0;358.0;1.0;0.0;129.0;36.0;38.0;0.0;58.0;303.0;0.0
2021-11-13 04:00:00+01:00;0.0;163.0;241.0;0.0;0.0;113.0;305.0;254.0;231.0;0.0;115.0;174.0;370.0;1.0;0.0;130.0;23.0;30.0;0.0;65.0;309.0;0.0
2021-11-13 05:00:00+01:00;0.0;162.0;181.0;0.0;0.0;107.0;273.0;263.0;276.0;0.0;104.0;173.0;329.0;1.0;0.0;128.0;21.0;32.0;0.0;71.0;312.0;0.0
2021-11-13 06:00:00+01:00;0.0;162.0;183.0;0.0;0.0;110.0;352.0;174.0;248.0;0.0;96.0;155.0;296.0;1.0;0.0;161.0;29.0;39.0;0.0;67.0;314.0;1.0
2021-11-13 07:00:00+01:00;0.0;164.0;170.0;0.0;0.0;127.0;380.0;119.0;253.0;0.0;92.0;154.0;293.0;1.0;0.0;381.0;18.0;23.0;0.0;69.0;316.0;0.0
2021-11-13 08:00:00+01:00;0.0;163.0;144.0;0.0;0.0;127.0;476.0;62.0;287.0;0.0;60.0;112.0;210.0;1.0;0.0;394.0;14.0;19.0;51.0;81.0;318.0;0.0
2021-11-13 09:00:00+01:00;0.0;162.0;172.0;0.0;0.0;129.0;516.0;58.0;318.0;0.0;35.0;71.0;128.0;1.0;0.0;392.0;8.0;16.0;95.0;85.0;320.0;1.0
2021-11-13 10:00:00+01:00;0.0;163.0;222.0;0.0;0.0;128.0;405.0;69.0;286.0;0.0;25.0;59.0;96.0;1.0;0.0;382.0;2.0;9.0;95.0;85.0;322.0;0.0
2021-11-13 11:00:00+01:00;0.0;163.0;170.0;0.0;0.0;128.0;395.0;54.0;344.0;0.0;23.0;42.0;67.0;1.0;0.0;379.0;0.0;3.0;95.0;70.0;320.0;0.0
2021-11-13 12:00:00+01:00;0.0;163.0;131.0;0.0;0.0;129.0;400.0;61.0;275.0;0.0;14.0;24.0;37.0;1.0;0.0;388.0;0.0;2.0;95.0;70.0;312.0;0.0
2021-11-13 13:00:00+01:00;0.0;164.0;126.0;0.0;0.0;128.0;395.0;59.0;339.0;0.0;13.0;25.0;28.0;1.0;0.0;380.0;0.0;0.0;95.0;70.0;195.0;0.0
2021-11-13 14:00:00+01:00;0.0;164.0;129.0;0.0;0.0;128.0;393.0;55.0;335.0;0.0;5.0;18.0;32.0;1.0;0.0;380.0;0.0;0.0;95.0;70.0;177.0;0.0
2021-11-13 15:00:00+01:00;0.0;164.0;103.0;0.0;0.0;128.0;398.0;93.0;300.0;0.0;11.0;30.0;84.0;1.0;0.0;381.0;0.0;3.0;95.0;82.0;312.0;0.0
2021-11-13 16:00:00+01:00;0.0;163.0;101.0;0.0;0.0;125.0;455.0;121.0;259.0;0.0;20.0;54.0;100.0;1.0;0.0;399.0;3.0;6.0;95.0;86.0;330.0;0.0
2021-11-13 17:00:00+01:00;0.0;163.0;141.0;0.0;0.0;127.0;461.0;72.0;274.0;0.0;34.0;57.0;101.0;1.0;0.0;397.0;0.0;8.0;95.0;74.0;343.0;0.0
2021-11-13 18:00:00+01:00;0.0;164.0;150.0;0.0;0.0;127.0;500.0;84.0;296.0;0.0;24.0;49.0;104.0;1.0;0.0;397.0;0.0;6.0;95.0;65.0;328.0;0.0
2021-11-13 19:00:00+01:00;0.0;164.0;160.0;0.0;0.0;126.0;501.0;87.0;286.0;0.0;31.0;68.0;136.0;1.0;0.0;397.0;0.0;0.0;95.0;68.0;318.0;0.0
2021-11-13 20:00:00+01:00;0.0;164.0;144.0;0.0;0.0;130.0;500.0;75.0;257.0;0.0;35.0;82.0;184.0;1.0;0.0;397.0;0.0;0.0;95.0;70.0;302.0;0.0
2021-11-13 21:00:00+01:00;0.0;164.0;132.0;0.0;0.0;153.0;487.0;84.0;294.0;0.0;34.0;86.0;180.0;1.0;0.0;384.0;0.0;3.0;95.0;69.0;289.0;0.0
2021-11-13 22:00:00+01:00;0.0;163.0;132.0;0.0;0.0;153.0;489.0;98.0;176.0;0.0;39.0;80.0;169.0;1.0;0.0;385.0;0.0;3.0;22.0;67.0;289.0;0.0
2021-11-13 23:00:00+01:00;0.0;163.0;154.0;0.0;0.0;152.0;354.0;136.0;261.0;0.0;38.0;73.0;147.0;1.0;0.0;381.0;0.0;4.0;0.0;68.0;285.0;0.0
2021-11-14 00:00:00+01:00;0.0;161.0;180.0;0.0;0.0;127.0;381.0;139.0;254.0;0.0;44.0;75.0;170.0;1.0;0.0;398.0;0.0;8.0;0.0;68.0;298.0;0.0
2021-11-14 01:00:00+01:00;0.0;162.0;200.0;0.0;0.0;127.0;386.0;121.0;230.0;0.0;56.0;77.0;177.0;1.0;0.0;397.0;3.0;15.0;0.0;67.0;301.0;0.0
2021-11-14 02:00:00+01:00;0.0;162.0;247.0;0.0;0.0;127.0;378.0;97.0;247.0;0.0;47.0;85.0;186.0;1.0;0.0;394.0;1.0;9.0;0.0;75.0;255.0;0.0
2021-11-14 03:00:00+01:00;0.0;162.0;284.0;0.0;0.0;127.0;377.0;84.0;262.0;0.0;47.0;81.0;203.0;1.0;0.0;347.0;0.0;4.0;0.0;69.0;141.0;0.0
2021-11-14 04:00:00+01:00;0.0;163.0;246.0;0.0;0.0;128.0;381.0;133.0;292.0;0.0;45.0;83.0;207.0;1.0;0.0;350.0;1.0;8.0;0.0;62.0;297.0;0.0
2021-11-14 05:00:00+01:00;0.0;163.0;297.0;0.0;0.0;127.0;382.0;242.0;267.0;0.0;46.0;82.0;206.0;1.0;0.0;350.0;18.0;27.0;0.0;65.0;174.0;0.0
2021-11-14 06:00:00+01:00;0.0;163.0;266.0;0.0;0.0;127.0;385.0;392.0;266.0;0.0;44.0;86.0;203.0;1.0;0.0;357.0;25.0;34.0;0.0;67.0;233.0;0.0
2021-11-14 07:00:00+01:00;0.0;163.0;245.0;0.0;0.0;126.0;381.0;295.0;271.0;0.0;37.0;76.0;184.0;1.0;0.0;372.0;35.0;33.0;0.0;64.0;302.0;0.0
2021-11-14 08:00:00+01:00;0.0;162.0;238.0;0.0;0.0;127.0;423.0;239.0;291.0;0.0;43.0;84.0;200.0;1.0;0.0;398.0;37.0;45.0;0.0;64.0;261.0;0.0
2021-11-14 09:00:00+01:00;0.0;163.0;205.0;0.0;0.0;128.0;518.0;243.0;281.0;0.0;31.0;75.0;171.0;1.0;0.0;397.0;31.0;33.0;50.0;67.0;292.0;0.0
2021-11-14 10:00:00+01:00;0.0;164.0;219.0;0.0;0.0;128.0;513.0;339.0;262.0;0.0;28.0;54.0;151.0;1.0;0.0;398.0;21.0;30.0;94.0;70.0;317.0;0.0
2021-11-14 11:00:00+01:00;0.0;164.0;193.0;0.0;0.0;126.0;399.0;364.0;310.0;0.0;29.0;56.0;143.0;1.0;0.0;398.0;25.0;28.0;95.0;70.0;314.0;1.0
2021-11-14 12:00:00+01:00;0.0;164.0;179.0;0.0;0.0;126.0;384.0;302.0;311.0;0.0;31.0;64.0;151.0;1.0;0.0;397.0;40.0;43.0;95.0;71.0;313.0;0.0
2021-11-14 13:00:00+01:00;0.0;164.0;231.0;0.0;0.0;127.0;388.0;398.0;183.0;0.0;27.0;72.0;136.0;1.0;0.0;398.0;24.0;45.0;95.0;70.0;272.0;0.0
2021-11-14 14:00:00+01:00;0.0;163.0;164.0;0.0;0.0;127.0;389.0;404.0;273.0;0.0;26.0;70.0;124.0;1.0;0.0;397.0;26.0;33.0;95.0;69.0;266.0;0.0
2021-11-14 15:00:00+01:00;0.0;163.0;98.0;0.0;0.0;127.0;392.0;406.0;341.0;0.0;21.0;56.0;104.0;1.0;0.0;396.0;39.0;45.0;95.0;69.0;274.0;0.0
2021-11-14 16:00:00+01:00;0.0;162.0;77.0;0.0;0.0;127.0;484.0;424.0;304.0;0.0;16.0;56.0;112.0;1.0;0.0;396.0;27.0;36.0;95.0;68.0;316.0;0.0
2021-11-14 17:00:00+01:00;0.0;161.0;74.0;0.0;0.0;127.0;493.0;416.0;296.0;0.0;23.0;50.0;116.0;1.0;0.0;396.0;11.0;22.0;94.0;68.0;329.0;0.0
2021-11-14 18:00:00+01:00;0.0;163.0;74.0;0.0;0.0;127.0;468.0;402.0;321.0;0.0;18.0;55.0;113.0;1.0;0.0;398.0;37.0;37.0;94.0;74.0;331.0;0.0
2021-11-14 19:00:00+01:00;0.0;163.0;49.0;0.0;0.0;128.0;445.0;362.0;274.0;0.0;25.0;65.0;140.0;1.0;0.0;398.0;60.0;46.0;95.0;86.0;329.0;0.0
2021-11-14 20:00:00+01:00;0.0;163.0;52.0;0.0;0.0;127.0;509.0;301.0;304.0;0.0;39.0;69.0;132.0;1.0;0.0;397.0;74.0;101.0;22.0;86.0;327.0;0.0
2021-11-14 21:00:00+01:00;0.0;163.0;69.0;0.0;0.0;127.0;476.0;285.0;304.0;0.0;35.0;53.0;102.0;1.0;0.0;393.0;56.0;72.0;0.0;79.0;316.0;0.0
2021-11-14 22:00:00+01:00;0.0;163.0;71.0;0.0;0.0;128.0;434.0;299.0;293.0;0.0;37.0;49.0;80.0;1.0;0.0;347.0;70.0;90.0;0.0;67.0;300.0;0.0
2021-11-14 23:00:00+01:00;0.0;163.0;71.0;0.0;0.0;127.0;362.0;266.0;240.0;0.0;36.0;58.0;92.0;1.0;0.0;350.0;59.0;73.0;0.0;62.0;296.0;0.0
2021-11-15 00:00:00+01:00;0.0;160.0;92.0;0.0;0.0;119.0;323.0;246.0;166.0;0.0;30.0;61.0;109.0;1.0;0.0;350.0;53.0;70.0;0.0;59.0;268.0;0.0
2021-11-15 01:00:00+01:00;0.0;162.0;94.0;0.0;0.0;108.0;270.0;251.0;197.0;0.0;39.0;62.0;130.0;1.0;0.0;349.0;42.0;62.0;0.0;59.0;271.0;0.0
2021-11-15 02:00:00+01:00;0.0;160.0;104.0;0.0;0.0;128.0;343.0;261.0;132.0;0.0;47.0;65.0;128.0;1.0;0.0;281.0;36.0;49.0;0.0;51.0;240.0;1.0
2021-11-15 03:00:00+01:00;0.0;162.0;83.0;0.0;0.0;126.0;347.0;228.0;232.0;0.0;38.0;51.0;121.0;1.0;0.0;387.0;37.0;53.0;0.0;62.0;269.0;0.0
2021-11-15 04:00:00+01:00;0.0;162.0;59.0;0.0;0.0;126.0;359.0;199.0;241.0;0.0;23.0;35.0;125.0;1.0;0.0;395.0;35.0;57.0;0.0;66.0;282.0;0.0
2021-11-15 05:00:00+01:00;0.0;162.0;48.0;0.0;0.0;110.0;295.0;162.0;282.0;0.0;22.0;31.0;86.0;1.0;0.0;378.0;27.0;45.0;27.0;67.0;284.0;0.0
2021-11-15 06:00:00+01:00;0.0;163.0;45.0;0.0;0.0;124.0;385.0;172.0;281.0;0.0;15.0;26.0;70.0;1.0;0.0;383.0;29.0;46.0;94.0;69.0;283.0;0.0
2021-11-15 07:00:00+01:00;0.0;160.0;49.0;0.0;0.0;126.0;457.0;188.0;244.0;0.0;23.0;43.0;78.0;1.0;0.0;396.0;13.0;28.0;94.0;69.0;317.0;1.0
2021-11-15 08:00:00+01:00;0.0;162.0;49.0;0.0;0.0;127.0;484.0;116.0;291.0;53.0;23.0;48.0;81.0;1.0;0.0;398.0;16.0;24.0;90.0;70.0;321.0;0.0
2021-11-15 09:00:00+01:00;0.0;161.0;60.0;0.0;0.0;111.0;398.0;65.0;294.0;93.0;20.0;41.0;72.0;1.0;0.0;380.0;13.0;30.0;94.0;66.0;342.0;0.0
2021-11-15 10:00:00+01:00;0.0;156.0;44.0;0.0;0.0;128.0;461.0;43.0;353.0;102.0;20.0;31.0;75.0;1.0;0.0;398.0;9.0;16.0;94.0;81.0;328.0;0.0
2021-11-15 11:00:00+01:00;0.0;161.0;39.0;0.0;0.0;127.0;494.0;32.0;341.0;101.0;24.0;27.0;74.0;1.0;0.0;399.0;6.0;11.0;95.0;85.0;342.0;0.0
2021-11-15 12:00:00+01:00;0.0;153.0;30.0;0.0;0.0;127.0;518.0;39.0;225.0;101.0;16.0;26.0;55.0;1.0;0.0;397.0;3.0;9.0;95.0;86.0;342.0;0.0
2021-11-15 13:00:00+01:00;0.0;154.0;28.0;0.0;0.0;128.0;518.0;34.0;348.0;101.0;13.0;18.0;31.0;1.0;2.0;397.0;6.0;11.0;95.0;83.0;321.0;0.0
2021-11-15 14:00:00+01:00;0.0;158.0;39.0;0.0;0.0;127.0;518.0;24.0;334.0;101.0;9.0;14.0;22.0;1.0;55.0;397.0;6.0;11.0;95.0;72.0;317.0;0.0
2021-11-15 15:00:00+01:00;0.0;159.0;50.0;0.0;0.0;128.0;518.0;32.0;320.0;101.0;15.0;12.0;17.0;1.0;0.0;397.0;8.0;14.0;95.0;68.0;305.0;0.0
2021-11-15 16:00:00+01:00;0.0;161.0;43.0;0.0;0.0;127.0;518.0;59.0;334.0;101.0;0.0;9.0;29.0;1.0;0.0;397.0;11.0;20.0;95.0;67.0;300.0;0.0
2021-11-15 17:00:00+01:00;0.0;162.0;26.0;0.0;0.0;127.0;518.0;63.0;294.0;100.0;1.0;14.0;42.0;1.0;0.0;397.0;13.0;24.0;95.0;68.0;302.0;1.0
2021-11-15 18:00:00+01:00;0.0;163.0;21.0;0.0;0.0;126.0;518.0;45.0;248.0;101.0;2.0;4.0;34.0;1.0;0.0;397.0;13.0;21.0;95.0;68.0;293.0;0.0
2021-11-15 19:00:00+01:00;0.0;163.0;13.0;0.0;0.0;127.0;517.0;35.0;256.0;101.0;3.0;11.0;45.0;1.0;0.0;395.0;11.0;17.0;95.0;67.0;300.0;0.0
2021-11-15 20:00:00+01:00;0.0;163.0;15.0;0.0;0.0;128.0;517.0;15.0;301.0;101.0;1.0;7.0;18.0;1.0;0.0;393.0;6.0;15.0;95.0;68.0;313.0;1.0
2021-11-15 21:00:00+01:00;0.0;163.0;5.0;0.0;0.0;126.0;441.0;5.0;267.0;101.0;2.0;6.0;16.0;1.0;0.0;385.0;8.0;11.0;95.0;68.0;313.0;0.0
2021-11-15 22:00:00+01:00;0.0;163.0;10.0;0.0;0.0;124.0;356.0;2.0;272.0;101.0;1.0;5.0;22.0;1.0;0.0;374.0;9.0;15.0;95.0;68.0;299.0;0.0
2021-11-15 23:00:00+01:00;0.0;162.0;24.0;0.0;0.0;124.0;341.0;5.0;240.0;101.0;5.0;4.0;14.0;1.0;0.0;368.0;7.0;14.0;14.0;78.0;305.0;0.0
2021-11-16 00:00:00+01:00;0.0;161.0;24.0;0.0;0.0;109.0;303.0;13.0;161.0;111.0;3.0;10.0;21.0;1.0;0.0;349.0;9.0;16.0;0.0;68.0;282.0;0.0
2021-11-16 01:00:00+01:00;0.0;160.0;20.0;0.0;0.0;126.0;345.0;21.0;197.0;129.0;3.0;11.0;23.0;1.0;0.0;372.0;11.0;22.0;0.0;58.0;269.0;0.0
2021-11-16 02:00:00+01:00;0.0;160.0;24.0;0.0;0.0;127.0;350.0;32.0;243.0;117.0;2.0;7.0;14.0;1.0;0.0;376.0;13.0;25.0;0.0;59.0;269.0;0.0
2021-11-16 03:00:00+01:00;0.0;161.0;44.0;0.0;0.0;109.0;302.0;38.0;235.0;132.0;0.0;1.0;2.0;1.0;0.0;306.0;13.0;26.0;0.0;58.0;268.0;0.0
2021-11-16 04:00:00+01:00;0.0;163.0;43.0;0.0;0.0;126.0;349.0;29.0;231.0;131.0;0.0;0.0;0.0;1.0;0.0;294.0;9.0;15.0;0.0;58.0;269.0;0.0
2021-11-16 05:00:00+01:00;0.0;163.0;39.0;0.0;0.0;125.0;357.0;23.0;286.0;131.0;0.0;0.0;1.0;1.0;0.0;377.0;8.0;15.0;0.0;67.0;269.0;0.0
2021-11-16 06:00:00+01:00;0.0;163.0;25.0;0.0;0.0;127.0;417.0;16.0;280.0;131.0;0.0;1.0;0.0;1.0;0.0;380.0;5.0;13.0;56.0;71.0;296.0;0.0
2021-11-16 07:00:00+01:00;0.0;163.0;20.0;0.0;0.0;105.0;341.0;22.0;300.0;132.0;0.0;3.0;0.0;1.0;0.0;304.0;5.0;7.0;94.0;70.0;306.0;0.0
2021-11-16 08:00:00+01:00;0.0;163.0;31.0;0.0;0.0;126.0;447.0;15.0;255.0;103.0;0.0;6.0;0.0;1.0;0.0;370.0;3.0;9.0;94.0;71.0;322.0;0.0
2021-11-16 09:00:00+01:00;0.0;163.0;58.0;0.0;0.0;127.0;466.0;16.0;324.0;68.0;3.0;8.0;0.0;1.0;0.0;370.0;2.0;10.0;94.0;70.0;321.0;0.0
2021-11-16 10:00:00+01:00;0.0;163.0;54.0;0.0;0.0;126.0;466.0;24.0;306.0;52.0;6.0;12.0;0.0;1.0;0.0;398.0;10.0;13.0;94.0;71.0;307.0;0.0
2021-11-16 11:00:00+01:00;0.0;162.0;68.0;0.0;0.0;121.0;458.0;27.0;326.0;53.0;9.0;17.0;0.0;1.0;0.0;396.0;8.0;15.0;94.0;70.0;308.0;0.0
2021-11-16 12:00:00+01:00;0.0;161.0;105.0;0.0;0.0;126.0;461.0;28.0;266.0;50.0;6.0;29.0;0.0;1.0;0.0;397.0;2.0;8.0;94.0;69.0;305.0;0.0
2021-11-16 13:00:00+01:00;0.0;162.0;111.0;0.0;0.0;127.0;460.0;36.0;336.0;50.0;6.0;34.0;0.0;1.0;0.0;397.0;1.0;4.0;94.0;69.0;304.0;0.0
2021-11-16 14:00:00+01:00;0.0;162.0;86.0;0.0;0.0;125.0;507.0;32.0;350.0;49.0;8.0;22.0;0.0;1.0;0.0;397.0;0.0;1.0;94.0;67.0;330.0;0.0
2021-11-16 15:00:00+01:00;0.0;159.0;69.0;0.0;0.0;126.0;457.0;33.0;350.0;99.0;10.0;24.0;0.0;1.0;0.0;397.0;0.0;4.0;94.0;69.0;338.0;0.0
2021-11-16 16:00:00+01:00;0.0;161.0;70.0;0.0;0.0;128.0;454.0;27.0;261.0;168.0;12.0;26.0;55.0;1.0;0.0;397.0;0.0;4.0;94.0;66.0;340.0;0.0
2021-11-16 17:00:00+01:00;0.0;162.0;73.0;0.0;0.0;129.0;506.0;42.0;306.0;213.0;11.0;24.0;63.0;1.0;0.0;397.0;0.0;3.0;94.0;69.0;362.0;0.0
2021-11-16 18:00:00+01:00;0.0;161.0;74.0;0.0;0.0;126.0;518.0;47.0;272.0;214.0;16.0;29.0;56.0;1.0;0.0;397.0;0.0;6.0;94.0;68.0;366.0;0.0
2021-11-16 19:00:00+01:00;0.0;163.0;56.0;0.0;0.0;128.0;514.0;58.0;241.0;252.0;12.0;27.0;63.0;1.0;0.0;397.0;1.0;7.0;94.0;73.0;338.0;0.0
2021-11-16 20:00:00+01:00;0.0;162.0;44.0;0.0;0.0;118.0;484.0;80.0;314.0;249.0;19.0;31.0;70.0;1.0;0.0;397.0;4.0;10.0;94.0;85.0;325.0;0.0
2021-11-16 21:00:00+01:00;0.0;163.0;50.0;0.0;0.0;127.0;448.0;129.0;298.0;248.0;16.0;34.0;70.0;1.0;0.0;382.0;4.0;9.0;94.0;85.0;329.0;0.0
2021-11-16 22:00:00+01:00;0.0;163.0;65.0;0.0;0.0;127.0;446.0;125.0;258.0;173.0;25.0;52.0;102.0;1.0;0.0;380.0;5.0;10.0;54.0;85.0;326.0;0.0
2021-11-16 23:00:00+01:00;0.0;162.0;72.0;0.0;0.0;128.0;472.0;129.0;308.0;57.0;33.0;76.0;159.0;1.0;0.0;386.0;6.0;13.0;46.0;70.0;323.0;0.0
2021-11-17 00:00:00+01:00;0.0;160.0;150.0;0.0;0.0;126.0;475.0;118.0;266.0;0.0;61.0;108.0;236.0;1.0;0.0;385.0;5.0;23.0;8.0;68.0;303.0;0.0
2021-11-17 01:00:00+01:00;0.0;161.0;178.0;0.0;0.0;124.0;348.0;135.0;267.0;0.0;68.0;118.0;256.0;1.0;0.0;379.0;11.0;28.0;0.0;68.0;279.0;0.0
2021-11-17 02:00:00+01:00;0.0;160.0;202.0;0.0;0.0;107.0;253.0;153.0;171.0;52.0;79.0;120.0;303.0;1.0;0.0;350.0;16.0;35.0;0.0;69.0;268.0;0.0
2021-11-17 03:00:00+01:00;0.0;161.0;242.0;0.0;0.0;108.0;239.0;147.0;140.0;42.0;118.0;163.0;355.0;1.0;0.0;321.0;20.0;35.0;0.0;69.0;271.0;0.0
2021-11-17 04:00:00+01:00;0.0;162.0;287.0;0.0;0.0;105.0;220.0;138.0;113.0;1.0;141.0;190.0;384.0;1.0;0.0;233.0;20.0;41.0;0.0;62.0;260.0;0.0
2021-11-17 05:00:00+01:00;0.0;162.0;379.0;0.0;0.0;109.0;226.0;150.0;140.0;8.0;142.0;175.0;369.0;1.0;0.0;201.0;18.0;40.0;0.0;59.0;275.0;0.0
2021-11-17 06:00:00+01:00;0.0;164.0;394.0;0.0;0.0;127.0;359.0;169.0;117.0;0.0;140.0;177.0;324.0;1.0;0.0;208.0;11.0;27.0;0.0;59.0;241.0;0.0
2021-11-17 07:00:00+01:00;0.0;162.0;399.0;0.0;0.0;127.0;424.0;123.0;124.0;0.0;92.0;134.0;297.0;1.0;0.0;181.0;9.0;36.0;0.0;39.0;238.0;0.0
2021-11-17 08:00:00+01:00;0.0;162.0;400.0;0.0;0.0;126.0;440.0;106.0;192.0;0.0;51.0;138.0;296.0;1.0;0.0;263.0;32.0;72.0;0.0;61.0;342.0;0.0
2021-11-17 09:00:00+01:00;0.0;162.0;400.0;0.0;0.0;125.0;419.0;98.0;174.0;0.0;57.0;127.0;246.0;1.0;5.0;148.0;34.0;64.0;0.0;63.0;303.0;0.0
2021-11-17 10:00:00+01:00;0.0;160.0;400.0;0.0;0.0;126.0;440.0;157.0;306.0;0.0;83.0;175.0;322.0;1.0;86.0;282.0;69.0;108.0;0.0;65.0;337.0;0.0
2021-11-17 11:00:00+01:00;0.0;162.0;400.0;0.0;0.0;125.0;439.0;284.0;324.0;0.0;107.0;151.0;317.0;1.0;237.0;350.0;102.0;120.0;0.0;67.0;321.0;0.0
2021-11-17 12:00:00+01:00;0.0;161.0;383.0;0.0;0.0;125.0;438.0;472.0;322.0;0.0;59.0;139.0;286.0;1.0;38.0;350.0;105.0;156.0;0.0;66.0;243.0;0.0
2021-11-17 13:00:00+01:00;0.0;161.0;184.0;0.0;0.0;126.0;316.0;545.0;305.0;0.0;86.0;162.0;299.0;1.0;0.0;350.0;133.0;172.0;0.0;66.0;327.0;0.0
2021-11-17 14:00:00+01:00;0.0;160.0;151.0;0.0;0.0;126.0;302.0;565.0;216.0;0.0;110.0;190.0;358.0;1.0;0.0;350.0;130.0;177.0;0.0;69.0;322.0;0.0
2021-11-17 15:00:00+01:00;0.0;159.0;247.0;0.0;0.0;127.0;300.0;580.0;148.0;0.0;119.0;182.0;356.0;1.0;0.0;350.0;104.0;183.0;0.0;68.0;324.0;0.0
2021-11-17 16:00:00+01:00;0.0;157.0;394.0;0.0;0.0;124.0;300.0;568.0;149.0;0.0;116.0;166.0;380.0;1.0;0.0;347.0;113.0;177.0;0.0;63.0;305.0;0.0
2021-11-17 17:00:00+01:00;0.0;158.0;395.0;0.0;0.0;128.0;320.0;522.0;226.0;29.0;117.0;192.0;384.0;1.0;0.0;381.0;116.0;130.0;0.0;67.0;331.0;0.0
2021-11-17 18:00:00+01:00;0.0;161.0;373.0;0.0;0.0;128.0;308.0;520.0;289.0;93.0;132.0;164.0;371.0;1.0;0.0;356.0;71.0;121.0;0.0;67.0;333.0;0.0
2021-11-17 19:00:00+01:00;0.0;159.0;394.0;0.0;0.0;125.0;316.0;526.0;292.0;93.0;98.0;184.0;390.0;1.0;0.0;258.0;108.0;175.0;0.0;68.0;327.0;0.0
2021-11-17 20:00:00+01:00;0.0;159.0;380.0;0.0;0.0;106.0;301.0;534.0;152.0;96.0;117.0;176.0;353.0;1.0;0.0;135.0;92.0;155.0;0.0;59.0;286.0;0.0
2021-11-17 21:00:00+01:00;0.0;163.0;314.0;0.0;0.0;103.0;291.0;504.0;217.0;97.0;123.0;176.0;375.0;1.0;0.0;130.0;99.0;153.0;0.0;59.0;286.0;0.0
2021-11-17 22:00:00+01:00;0.0;162.0;378.0;0.0;0.0;106.0;219.0;500.0;223.0;94.0;101.0;145.0;351.0;1.0;0.0;131.0;92.0;146.0;0.0;60.0;283.0;0.0
2021-11-17 23:00:00+01:00;0.0;160.0;379.0;0.0;0.0;101.0;258.0;535.0;158.0;126.0;135.0;190.0;376.0;1.0;0.0;129.0;104.0;141.0;0.0;59.0;201.0;0.0
2021-11-18 00:00:00+01:00;0.0;143.0;368.0;0.0;0.0;77.0;179.0;560.0;116.0;131.0;143.0;197.0;399.0;1.0;0.0;130.0;121.0;169.0;0.0;22.0;159.0;0.0
2021-11-18 01:00:00+01:00;0.0;140.0;381.0;0.0;0.0;89.0;132.0;564.0;109.0;131.0;143.0;182.0;399.0;1.0;0.0;130.0;125.0;168.0;0.0;17.0;136.0;0.0
2021-11-18 02:00:00+01:00;0.0;116.0;369.0;0.0;0.0;86.0;139.0;573.0;113.0;127.0;137.0;187.0;369.0;1.0;0.0;130.0;95.0;132.0;0.0;23.0;130.0;0.0
2021-11-18 03:00:00+01:00;0.0;115.0;82.0;0.0;0.0;83.0;132.0;581.0;111.0;125.0;139.0;21.0;399.0;1.0;0.0;128.0;106.0;167.0;0.0;17.0;137.0;0.0
2021-11-18 04:00:00+01:00;0.0;63.0;45.0;0.0;0.0;86.0;136.0;579.0;111.0;102.0;138.0;8.0;398.0;1.0;0.0;131.0;49.0;192.0;0.0;15.0;129.0;0.0
2021-11-18 05:00:00+01:00;0.0;37.0;106.0;0.0;0.0;99.0;193.0;570.0;119.0;111.0;59.0;1.0;398.0;1.0;0.0;139.0;49.0;192.0;0.0;18.0;144.0;0.0
2021-11-18 06:00:00+01:00;0.0;51.0;206.0;0.0;0.0;102.0;288.0;565.0;118.0;8.0;51.0;154.0;391.0;1.0;0.0;176.0;50.0;195.0;0.0;24.0;213.0;0.0
2021-11-18 07:00:00+01:00;0.0;88.0;310.0;0.0;0.0;111.0;306.0;550.0;143.0;0.0;51.0;199.0;395.0;1.0;0.0;160.0;50.0;194.0;0.0;40.0;243.0;0.0
2021-11-18 08:00:00+01:00;0.0;110.0;327.0;0.0;0.0;124.0;433.0;567.0;187.0;0.0;51.0;201.0;394.0;1.0;0.0;166.0;91.0;185.0;0.0;58.0;332.0;0.0
2021-11-18 09:00:00+01:00;0.0;150.0;150.0;0.0;0.0;101.0;318.0;566.0;132.0;0.0;51.0;132.0;394.0;1.0;0.0;157.0;131.0;194.0;0.0;19.0;177.0;0.0
2021-11-18 10:00:00+01:00;0.0;112.0;11.0;0.0;0.0;100.0;310.0;567.0;300.0;0.0;51.0;190.0;394.0;1.0;0.0;153.0;132.0;198.0;0.0;12.0;144.0;0.0
2021-11-18 11:00:00+01:00;0.0;130.0;113.0;0.0;0.0;101.0;303.0;577.0;292.0;6.0;51.0;196.0;394.0;1.0;0.0;154.0;139.0;200.0;0.0;12.0;140.0;0.0
2021-11-18 12:00:00+01:00;0.0;162.0;336.0;0.0;0.0;94.0;299.0;579.0;154.0;117.0;51.0;146.0;394.0;1.0;0.0;152.0;143.0;201.0;0.0;35.0;132.0;0.0
2021-11-18 13:00:00+01:00;0.0;157.0;393.0;0.0;0.0;90.0;306.0;580.0;143.0;177.0;127.0;131.0;394.0;1.0;0.0;150.0;156.0;201.0;0.0;27.0;129.0;0.0
2021-11-18 14:00:00+01:00;0.0;154.0;401.0;0.0;0.0;98.0;290.0;581.0;267.0;182.0;142.0;198.0;394.0;1.0;0.0;150.0;157.0;200.0;0.0;61.0;211.0;0.0
2021-11-18 15:00:00+01:00;0.0;151.0;400.0;0.0;0.0;111.0;293.0;581.0;155.0;74.0;145.0;192.0;398.0;1.0;0.0;169.0;153.0;199.0;0.0;66.0;208.0;0.0
2021-11-18 16:00:00+01:00;0.0;152.0;400.0;0.0;0.0;108.0;305.0;581.0;116.0;0.0;135.0;180.0;399.0;1.0;0.0;166.0;144.0;200.0;0.0;62.0;186.0;0.0
2021-11-18 17:00:00+01:00;0.0;131.0;401.0;0.0;0.0;105.0;274.0;582.0;113.0;1.0;143.0;149.0;399.0;1.0;0.0;159.0;145.0;200.0;0.0;39.0;131.0;0.0
2021-11-18 18:00:00+01:00;0.0;88.0;400.0;0.0;0.0;104.0;249.0;582.0;132.0;10.0;73.0;162.0;399.0;1.0;0.0;151.0;75.0;201.0;0.0;39.0;117.0;0.0
2021-11-18 19:00:00+01:00;0.0;79.0;216.0;0.0;0.0;103.0;238.0;582.0;111.0;0.0;52.0;128.0;399.0;1.0;0.0;133.0;56.0;201.0;0.0;34.0;118.0;0.0
2021-11-18 20:00:00+01:00;0.0;83.0;305.0;0.0;0.0;105.0;150.0;582.0;115.0;0.0;52.0;175.0;399.0;1.0;0.0;105.0;56.0;200.0;0.0;58.0;117.0;0.0
2021-11-18 21:00:00+01:00;0.0;72.0;52.0;0.0;0.0;103.0;123.0;581.0;110.0;0.0;52.0;144.0;398.0;1.0;0.0;85.0;56.0;201.0;0.0;55.0;106.0;0.0
2021-11-18 22:00:00+01:00;0.0;73.0;235.0;0.0;0.0;104.0;119.0;580.0;140.0;0.0;52.0;183.0;399.0;1.0;0.0;65.0;56.0;200.0;0.0;44.0;114.0;0.0
2021-11-18 23:00:00+01:00;0.0;74.0;317.0;0.0;0.0;104.0;119.0;581.0;135.0;0.0;52.0;89.0;357.0;1.0;0.0;66.0;53.0;202.0;0.0;33.0;127.0;0.0
2021-11-19 00:00:00+01:00;0.0;74.0;306.0;0.0;0.0;90.0;125.0;582.0;114.0;0.0;52.0;82.0;399.0;1.0;0.0;67.0;51.0;201.0;0.0;23.0;132.0;0.0
2021-11-19 01:00:00+01:00;0.0;74.0;400.0;0.0;0.0;0.0;144.0;582.0;93.0;0.0;52.0;157.0;399.0;1.0;0.0;66.0;51.0;201.0;0.0;32.0;150.0;0.0
2021-11-19 02:00:00+01:00;0.0;94.0;401.0;0.0;0.0;0.0;232.0;582.0;87.0;0.0;52.0;127.0;399.0;1.0;0.0;66.0;48.0;201.0;0.0;32.0;155.0;0.0
2021-11-19 03:00:00+01:00;0.0;101.0;400.0;0.0;0.0;0.0;155.0;581.0;84.0;0.0;52.0;80.0;399.0;1.0;0.0;66.0;44.0;201.0;0.0;29.0;121.0;0.0
2021-11-19 04:00:00+01:00;0.0;100.0;397.0;0.0;0.0;0.0;126.0;580.0;84.0;0.0;52.0;105.0;399.0;1.0;0.0;66.0;40.0;201.0;0.0;28.0;122.0;0.0
2021-11-19 05:00:00+01:00;0.0;100.0;389.0;0.0;0.0;0.0;150.0;580.0;82.0;0.0;52.0;86.0;399.0;1.0;0.0;98.0;39.0;200.0;0.0;26.0;123.0;0.0
2021-11-19 06:00:00+01:00;0.0;88.0;347.0;0.0;0.0;0.0;136.0;581.0;82.0;0.0;52.0;131.0;398.0;1.0;0.0;136.0;41.0;199.0;0.0;26.0;132.0;1.0
2021-11-19 07:00:00+01:00;0.0;111.0;204.0;0.0;0.0;0.0;171.0;582.0;92.0;0.0;52.0;151.0;398.0;1.0;0.0;128.0;41.0;199.0;0.0;29.0;142.0;0.0
2021-11-19 08:00:00+01:00;0.0;116.0;168.0;0.0;0.0;0.0;253.0;582.0;97.0;0.0;52.0;112.0;399.0;1.0;0.0;130.0;41.0;199.0;0.0;39.0;133.0;0.0
2021-11-19 09:00:00+01:00;0.0;116.0;171.0;0.0;0.0;0.0;267.0;582.0;96.0;0.0;52.0;126.0;396.0;1.0;0.0;130.0;42.0;199.0;0.0;58.0;128.0;1.0
2021-11-19 10:00:00+01:00;0.0;116.0;143.0;0.0;0.0;0.0;248.0;582.0;96.0;0.0;52.0;69.0;395.0;1.0;0.0;126.0;42.0;199.0;0.0;59.0;132.0;1.0
2021-11-19 11:00:00+01:00;0.0;115.0;108.0;0.0;0.0;0.0;152.0;580.0;94.0;0.0;52.0;149.0;395.0;1.0;0.0;93.0;42.0;199.0;0.0;60.0;145.0;1.0
2021-11-19 12:00:00+01:00;0.0;143.0;57.0;0.0;0.0;0.0;139.0;585.0;91.0;0.0;51.0;141.0;395.0;1.0;0.0;88.0;151.0;199.0;0.0;60.0;139.0;0.0
2021-11-19 13:00:00+01:00;0.0;164.0;186.0;0.0;0.0;0.0;141.0;585.0;87.0;0.0;52.0;92.0;395.0;1.0;0.0;87.0;133.0;199.0;0.0;60.0;131.0;1.0
2021-11-19 14:00:00+01:00;0.0;164.0;100.0;0.0;0.0;0.0;154.0;585.0;90.0;0.0;52.0;152.0;395.0;1.0;0.0;87.0;49.0;199.0;0.0;59.0;135.0;0.0
2021-11-19 15:00:00+01:00;0.0;163.0;381.0;0.0;0.0;0.0;277.0;585.0;133.0;0.0;52.0;192.0;395.0;1.0;0.0;87.0;107.0;199.0;0.0;59.0;224.0;0.0
2021-11-19 16:00:00+01:00;0.0;144.0;204.0;0.0;0.0;0.0;325.0;585.0;95.0;0.0;52.0;166.0;395.0;1.0;0.0;87.0;152.0;199.0;0.0;60.0;174.0;1.0
2021-11-19 17:00:00+01:00;0.0;104.0;194.0;0.0;0.0;0.0;267.0;585.0;86.0;0.0;52.0;181.0;395.0;1.0;0.0;87.0;61.0;199.0;0.0;28.0;219.0;1.0
2021-11-19 18:00:00+01:00;0.0;85.0;198.0;0.0;0.0;0.0;294.0;585.0;88.0;0.0;52.0;128.0;389.0;1.0;0.0;87.0;24.0;199.0;0.0;12.0;195.0;1.0
2021-11-19 19:00:00+01:00;0.0;89.0;259.0;0.0;0.0;0.0;242.0;584.0;98.0;0.0;51.0;159.0;388.0;1.0;0.0;87.0;75.0;199.0;0.0;0.0;159.0;1.0
2021-11-19 20:00:00+01:00;0.0;95.0;302.0;0.0;0.0;0.0;205.0;583.0;94.0;0.0;58.0;126.0;356.0;1.0;0.0;87.0;53.0;199.0;0.0;0.0;175.0;1.0
2021-11-19 21:00:00+01:00;0.0;114.0;168.0;0.0;0.0;0.0;141.0;581.0;89.0;0.0;51.0;60.0;316.0;1.0;0.0;92.0;50.0;198.0;0.0;0.0;133.0;1.0
2021-11-19 22:00:00+01:00;0.0;120.0;189.0;0.0;0.0;0.0;149.0;582.0;90.0;0.0;53.0;64.0;261.0;1.0;0.0;128.0;50.0;198.0;0.0;0.0;135.0;1.0
2021-11-19 23:00:00+01:00;0.0;104.0;189.0;0.0;0.0;0.0;129.0;581.0;86.0;0.0;49.0;72.0;322.0;1.0;0.0;131.0;50.0;198.0;0.0;0.0;133.0;0.0
2021-11-20 00:00:00+01:00;0.0;98.0;189.0;0.0;0.0;41.0;129.0;581.0;86.0;0.0;49.0;66.0;282.0;1.0;0.0;130.0;50.0;198.0;0.0;0.0;132.0;0.0
2021-11-20 01:00:00+01:00;0.0;67.0;189.0;0.0;0.0;100.0;138.0;581.0;86.0;0.0;49.0;119.0;245.0;1.0;0.0;128.0;50.0;199.0;0.0;0.0;185.0;0.0
2021-11-20 02:00:00+01:00;0.0;98.0;189.0;0.0;0.0;102.0;138.0;580.0;86.0;0.0;50.0;111.0;288.0;1.0;0.0;131.0;50.0;197.0;0.0;0.0;154.0;0.0
2021-11-20 03:00:00+01:00;0.0;140.0;197.0;0.0;0.0;103.0;118.0;580.0;86.0;0.0;50.0;135.0;288.0;1.0;0.0;129.0;49.0;193.0;0.0;0.0;160.0;0.0
2021-11-20 04:00:00+01:00;0.0;103.0;400.0;0.0;0.0;123.0;329.0;585.0;86.0;0.0;50.0;105.0;332.0;1.0;0.0;130.0;134.0;195.0;0.0;0.0;132.0;1.0
2021-11-20 05:00:00+01:00;0.0;102.0;350.0;0.0;0.0;92.0;190.0;580.0;85.0;0.0;50.0;112.0;382.0;1.0;0.0;130.0;53.0;182.0;0.0;0.0;134.0;0.0
2021-11-20 06:00:00+01:00;0.0;123.0;148.0;0.0;0.0;105.0;121.0;580.0;86.0;0.0;52.0;191.0;395.0;1.0;0.0;130.0;90.0;184.0;0.0;0.0;235.0;0.0
2021-11-20 07:00:00+01:00;0.0;158.0;339.0;0.0;0.0;105.0;108.0;583.0;86.0;0.0;51.0;110.0;394.0;1.0;0.0;130.0;93.0;193.0;0.0;0.0;135.0;0.0
2021-11-20 08:00:00+01:00;0.0;109.0;327.0;0.0;0.0;103.0;98.0;584.0;86.0;0.0;51.0;101.0;390.0;1.0;0.0;130.0;50.0;196.0;0.0;0.0;131.0;0.0
2021-11-20 09:00:00+01:00;0.0;45.0;206.0;0.0;0.0;105.0;41.0;585.0;86.0;0.0;52.0;103.0;395.0;1.0;0.0;130.0;51.0;198.0;0.0;0.0;132.0;0.0
2021-11-20 10:00:00+01:00;0.0;17.0;204.0;0.0;0.0;125.0;0.0;581.0;86.0;0.0;52.0;134.0;395.0;1.0;0.0;128.0;154.0;198.0;0.0;0.0;132.0;0.0
2021-11-20 11:00:00+01:00;0.0;16.0;203.0;0.0;0.0;126.0;0.0;582.0;86.0;0.0;52.0;125.0;395.0;1.0;0.0;133.0;149.0;198.0;0.0;0.0;133.0;1.0
2021-11-20 12:00:00+01:00;0.0;16.0;201.0;0.0;0.0;115.0;0.0;578.0;86.0;0.0;52.0;193.0;395.0;1.0;0.0;130.0;154.0;198.0;0.0;0.0;162.0;0.0
2021-11-20 13:00:00+01:00;0.0;16.0;246.0;0.0;0.0;106.0;0.0;578.0;86.0;0.0;52.0;154.0;396.0;1.0;0.0;131.0;150.0;197.0;0.0;0.0;137.0;0.0
2021-11-20 14:00:00+01:00;0.0;16.0;399.0;0.0;0.0;122.0;60.0;578.0;86.0;0.0;107.0;184.0;396.0;1.0;0.0;130.0;143.0;198.0;0.0;0.0;173.0;0.0
2021-11-20 15:00:00+01:00;0.0;23.0;398.0;0.0;0.0;111.0;129.0;578.0;86.0;0.0;142.0;182.0;396.0;1.0;0.0;138.0;122.0;196.0;0.0;0.0;174.0;0.0
2021-11-20 16:00:00+01:00;0.0;79.0;391.0;0.0;0.0;104.0;185.0;576.0;91.0;0.0;141.0;139.0;396.0;1.0;0.0;130.0;117.0;194.0;0.0;0.0;139.0;0.0
2021-11-20 17:00:00+01:00;0.0;84.0;398.0;0.0;0.0;103.0;216.0;577.0;97.0;0.0;138.0;191.0;396.0;1.0;0.0;129.0;128.0;198.0;0.0;0.0;155.0;0.0
2021-11-20 18:00:00+01:00;0.0;102.0;401.0;0.0;0.0;87.0;156.0;567.0;90.0;0.0;142.0;164.0;396.0;1.0;0.0;129.0;151.0;197.0;0.0;0.0;139.0;0.0
2021-11-20 19:00:00+01:00;0.0;89.0;401.0;0.0;0.0;100.0;132.0;573.0;91.0;0.0;86.0;102.0;396.0;1.0;0.0;237.0;100.0;176.0;0.0;0.0;133.0;0.0
2021-11-20 20:00:00+01:00;0.0;47.0;339.0;0.0;0.0;87.0;126.0;576.0;91.0;0.0;53.0;102.0;396.0;1.0;0.0;143.0;50.0;173.0;0.0;0.0;135.0;0.0
2021-11-20 21:00:00+01:00;0.0;68.0;204.0;0.0;0.0;90.0;126.0;573.0;93.0;1.0;51.0;102.0;393.0;1.0;0.0;135.0;125.0;195.0;1.0;0.0;144.0;0.0
2021-11-20 22:00:00+01:00;0.0;62.0;200.0;0.0;0.0;83.0;119.0;577.0;91.0;0.0;52.0;137.0;395.0;1.0;0.0;129.0;43.0;196.0;0.0;0.0;147.0;1.0
2021-11-20 23:00:00+01:00;0.0;62.0;200.0;0.0;0.0;85.0;119.0;577.0;86.0;0.0;51.0;131.0;391.0;1.0;0.0;129.0;45.0;195.0;0.0;0.0;123.0;1.0
2021-11-21 00:00:00+01:00;0.0;65.0;200.0;0.0;0.0;89.0;127.0;575.0;86.0;0.0;52.0;75.0;387.0;1.0;0.0;101.0;45.0;196.0;0.0;0.0;131.0;1.0
2021-11-21 01:00:00+01:00;0.0;133.0;7.0;0.0;0.0;78.0;124.0;578.0;86.0;0.0;45.0;63.0;161.0;1.0;0.0;102.0;46.0;196.0;0.0;0.0;132.0;0.0
2021-11-21 02:00:00+01:00;0.0;159.0;13.0;0.0;0.0;75.0;125.0;577.0;86.0;0.0;52.0;112.0;385.0;1.0;0.0;102.0;45.0;181.0;0.0;0.0;131.0;0.0
2021-11-21 03:00:00+01:00;0.0;155.0;200.0;0.0;0.0;72.0;124.0;574.0;86.0;0.0;52.0;121.0;386.0;1.0;0.0;102.0;42.0;141.0;0.0;0.0;134.0;0.0
2021-11-21 04:00:00+01:00;0.0;157.0;200.0;0.0;0.0;71.0;124.0;549.0;86.0;0.0;52.0;183.0;385.0;1.0;0.0;102.0;59.0;154.0;0.0;0.0;140.0;0.0
2021-11-21 05:00:00+01:00;0.0;161.0;200.0;0.0;0.0;74.0;124.0;564.0;86.0;0.0;51.0;139.0;383.0;1.0;0.0;102.0;106.0;135.0;0.0;0.0;141.0;0.0
2021-11-21 06:00:00+01:00;0.0;156.0;200.0;0.0;0.0;108.0;230.0;559.0;86.0;0.0;52.0;173.0;352.0;1.0;0.0;103.0;91.0;146.0;0.0;0.0;157.0;0.0
2021-11-21 07:00:00+01:00;0.0;120.0;200.0;0.0;0.0;95.0;183.0;559.0;91.0;0.0;67.0;175.0;257.0;1.0;0.0;132.0;76.0;105.0;0.0;9.0;218.0;0.0
2021-11-21 08:00:00+01:00;0.0;145.0;200.0;0.0;0.0;104.0;269.0;545.0;266.0;0.0;72.0;125.0;262.0;1.0;0.0;293.0;60.0;77.0;0.0;28.0;313.0;0.0
2021-11-21 09:00:00+01:00;0.0;163.0;200.0;0.0;0.0;107.0;293.0;538.0;231.0;0.0;58.0;139.0;244.0;1.0;0.0;350.0;40.0;81.0;0.0;58.0;319.0;0.0
2021-11-21 10:00:00+01:00;0.0;159.0;200.0;0.0;0.0;122.0;336.0;509.0;304.0;0.0;41.0;55.0;115.0;1.0;0.0;340.0;48.0;87.0;0.0;59.0;291.0;0.0
2021-11-21 11:00:00+01:00;0.0;159.0;200.0;0.0;0.0;128.0;353.0;451.0;241.0;0.0;28.0;53.0;150.0;1.0;0.0;252.0;44.0;91.0;0.0;59.0;306.0;0.0
2021-11-21 12:00:00+01:00;0.0;157.0;200.0;0.0;0.0;127.0;341.0;296.0;187.0;0.0;55.0;126.0;322.0;1.0;0.0;251.0;46.0;83.0;0.0;58.0;286.0;0.0
2021-11-21 13:00:00+01:00;0.0;159.0;200.0;0.0;0.0;124.0;347.0;202.0;171.0;0.0;124.0;172.0;376.0;1.0;0.0;248.0;38.0;57.0;0.0;58.0;309.0;0.0
2021-11-21 14:00:00+01:00;0.0;161.0;200.0;0.0;0.0;126.0;355.0;105.0;223.0;0.0;125.0;191.0;392.0;1.0;0.0;312.0;16.0;35.0;0.0;59.0;292.0;0.0
2021-11-21 15:00:00+01:00;0.0;160.0;200.0;0.0;0.0;128.0;357.0;267.0;213.0;0.0;135.0;178.0;386.0;1.0;0.0;352.0;17.0;39.0;0.0;59.0;302.0;0.0
2021-11-21 16:00:00+01:00;0.0;156.0;200.0;0.0;0.0;128.0;439.0;368.0;225.0;0.0;142.0;196.0;395.0;1.0;0.0;376.0;38.0;68.0;0.0;65.0;338.0;0.0
2021-11-21 17:00:00+01:00;0.0;159.0;223.0;0.0;0.0;120.0;366.0;313.0;258.0;0.0;139.0;196.0;395.0;1.0;0.0;394.0;61.0;97.0;0.0;71.0;308.0;0.0
2021-11-21 18:00:00+01:00;0.0;162.0;385.0;0.0;0.0;121.0;334.0;324.0;216.0;0.0;131.0;183.0;392.0;1.0;0.0;349.0;54.0;78.0;0.0;67.0;280.0;0.0
2021-11-21 19:00:00+01:00;0.0;163.0;337.0;0.0;0.0;103.0;315.0;453.0;127.0;0.0;79.0;125.0;391.0;1.0;0.0;350.0;55.0;86.0;0.0;60.0;203.0;0.0
2021-11-21 20:00:00+01:00;0.0;163.0;224.0;0.0;0.0;123.0;308.0;438.0;177.0;0.0;62.0;158.0;374.0;1.0;0.0;350.0;57.0;81.0;0.0;58.0;290.0;0.0
2021-11-21 21:00:00+01:00;0.0;162.0;206.0;0.0;0.0;121.0;312.0;324.0;193.0;0.0;78.0;150.0;318.0;1.0;0.0;334.0;42.0;81.0;0.0;56.0;307.0;0.0
2021-11-21 22:00:00+01:00;0.0;160.0;180.0;0.0;0.0;126.0;308.0;223.0;176.0;0.0;66.0;83.0;156.0;1.0;0.0;351.0;37.0;88.0;0.0;23.0;261.0;0.0
2021-11-21 23:00:00+01:00;0.0;162.0;127.0;0.0;0.0;119.0;305.0;142.0;268.0;0.0;45.0;35.0;62.0;1.0;0.0;352.0;33.0;80.0;3.0;12.0;317.0;0.0
2021-11-22 00:00:00+01:00;0.0;161.0;106.0;0.0;0.0;127.0;301.0;135.0;192.0;0.0;19.0;12.0;10.0;1.0;0.0;339.0;34.0;77.0;77.0;13.0;301.0;0.0
2021-11-22 01:00:00+01:00;0.0;162.0;89.0;0.0;0.0;104.0;301.0;118.0;182.0;0.0;0.0;1.0;0.0;1.0;0.0;156.0;32.0;53.0;65.0;13.0;214.0;0.0
2021-11-22 02:00:00+01:00;0.0;162.0;97.0;0.0;0.0;101.0;287.0;121.0;188.0;0.0;0.0;0.0;0.0;1.0;0.0;158.0;34.0;47.0;64.0;13.0;221.0;0.0
2021-11-22 03:00:00+01:00;0.0;160.0;106.0;0.0;0.0;117.0;303.0;109.0;272.0;0.0;0.0;0.0;4.0;1.0;0.0;203.0;26.0;39.0;76.0;13.0;231.0;0.0
2021-11-22 04:00:00+01:00;0.0;159.0;77.0;0.0;0.0;124.0;310.0;121.0;251.0;0.0;0.0;1.0;1.0;1.0;0.0;373.0;16.0;23.0;94.0;13.0;226.0;0.0
2021-11-22 05:00:00+01:00;0.0;162.0;38.0;0.0;0.0;126.0;324.0;85.0;299.0;0.0;1.0;33.0;138.0;1.0;0.0;376.0;14.0;17.0;94.0;13.0;233.0;0.0
2021-11-22 06:00:00+01:00;0.0;163.0;32.0;0.0;0.0;123.0;328.0;128.0;233.0;0.0;38.0;174.0;347.0;1.0;0.0;375.0;11.0;12.0;94.0;13.0;267.0;0.0
2021-11-22 07:00:00+01:00;0.0;163.0;17.0;0.0;0.0;125.0;421.0;152.0;265.0;0.0;108.0;191.0;372.0;1.0;0.0;397.0;7.0;5.0;94.0;13.0;305.0;0.0
2021-11-22 08:00:00+01:00;0.0;162.0;9.0;0.0;0.0;128.0;412.0;128.0;279.0;0.0;117.0;197.0;388.0;1.0;0.0;397.0;0.0;0.0;94.0;51.0;310.0;0.0
2021-11-22 09:00:00+01:00;0.0;162.0;27.0;0.0;0.0;129.0;438.0;102.0;238.0;0.0;129.0;190.0;375.0;1.0;0.0;393.0;0.0;0.0;94.0;57.0;308.0;0.0
2021-11-22 10:00:00+01:00;0.0;161.0;44.0;0.0;0.0;128.0;426.0;99.0;188.0;0.0;115.0;169.0;342.0;1.0;0.0;364.0;0.0;4.0;94.0;57.0;293.0;0.0
2021-11-22 11:00:00+01:00;0.0;161.0;40.0;0.0;0.0;127.0;404.0;111.0;256.0;0.0;94.0;145.0;260.0;1.0;0.0;363.0;4.0;27.0;94.0;55.0;302.0;0.0
2021-11-22 12:00:00+01:00;0.0;162.0;97.0;0.0;0.0;128.0;403.0;148.0;239.0;0.0;67.0;125.0;251.0;1.0;0.0;363.0;17.0;26.0;94.0;57.0;324.0;0.0
2021-11-22 13:00:00+01:00;0.0;157.0;169.0;0.0;0.0;127.0;417.0;83.0;173.0;0.0;74.0;159.0;303.0;1.0;0.0;363.0;8.0;4.0;94.0;57.0;319.0;0.0
2021-11-22 14:00:00+01:00;0.0;157.0;182.0;0.0;0.0;126.0;425.0;50.0;259.0;0.0;81.0;148.0;287.0;1.0;0.0;362.0;2.0;4.0;94.0;57.0;317.0;0.0
2021-11-22 15:00:00+01:00;0.0;160.0;217.0;0.0;0.0;128.0;475.0;48.0;143.0;0.0;96.0;162.0;351.0;1.0;0.0;292.0;7.0;21.0;94.0;57.0;246.0;0.0
2021-11-22 16:00:00+01:00;0.0;158.0;299.0;0.0;0.0;127.0;476.0;111.0;199.0;0.0;100.0;187.0;384.0;1.0;0.0;365.0;21.0;54.0;94.0;58.0;344.0;0.0
2021-11-22 17:00:00+01:00;0.0;156.0;377.0;0.0;0.0;128.0;476.0;251.0;181.0;0.0;132.0;187.0;386.0;1.0;0.0;189.0;36.0;54.0;66.0;59.0;253.0;0.0
2021-11-22 18:00:00+01:00;0.0;161.0;400.0;0.0;0.0;127.0;474.0;308.0;111.0;0.0;136.0;142.0;384.0;1.0;0.0;155.0;28.0;49.0;65.0;37.0;139.0;0.0
2021-11-22 19:00:00+01:00;0.0;158.0;400.0;0.0;0.0;128.0;367.0;399.0;115.0;0.0;128.0;186.0;384.0;1.0;0.0;222.0;27.0;80.0;6.0;14.0;212.0;0.0
2021-11-22 20:00:00+01:00;0.0;159.0;400.0;0.0;0.0;127.0;343.0;439.0;163.0;0.0;130.0;196.0;385.0;1.0;0.0;293.0;45.0;115.0;0.0;22.0;253.0;0.0
2021-11-22 21:00:00+01:00;0.0;156.0;400.0;0.0;0.0;101.0;264.0;554.0;216.0;0.0;134.0;199.0;387.0;1.0;0.0;285.0;75.0;141.0;0.0;14.0;267.0;0.0
2021-11-22 22:00:00+01:00;0.0;122.0;400.0;0.0;0.0;100.0;212.0;570.0;135.0;0.0;134.0;198.0;373.0;1.0;0.0;111.0;88.0;169.0;0.0;14.0;171.0;0.0
2021-11-22 23:00:00+01:00;0.0;116.0;400.0;0.0;0.0;104.0;190.0;560.0;117.0;0.0;130.0;139.0;383.0;1.0;0.0;101.0;104.0;188.0;0.0;17.0;152.0;0.0
2021-11-23 00:00:00+01:00;0.0;144.0;400.0;0.0;0.0;88.0;284.0;539.0;108.0;0.0;139.0;167.0;382.0;1.0;0.0;130.0;111.0;184.0;0.0;53.0;135.0;0.0
2021-11-23 01:00:00+01:00;0.0;160.0;400.0;0.0;0.0;101.0;226.0;545.0;85.0;0.0;130.0;191.0;384.0;1.0;0.0;130.0;105.0;169.0;0.0;55.0;177.0;0.0
2021-11-23 02:00:00+01:00;0.0;154.0;361.0;0.0;0.0;101.0;282.0;557.0;69.0;0.0;126.0;171.0;361.0;1.0;0.0;127.0;135.0;187.0;0.0;59.0;183.0;0.0
2021-11-23 03:00:00+01:00;0.0;156.0;319.0;0.0;0.0;101.0;220.0;510.0;117.0;0.0;98.0;158.0;374.0;1.0;0.0;111.0;131.0;178.0;0.0;57.0;173.0;0.0
2021-11-23 04:00:00+01:00;0.0;161.0;226.0;0.0;0.0;103.0;226.0;428.0;129.0;0.0;119.0;162.0;373.0;1.0;0.0;102.0;133.0;184.0;0.0;61.0;151.0;0.0
2021-11-23 05:00:00+01:00;0.0;161.0;185.0;0.0;0.0;114.0;308.0;350.0;110.0;0.0;121.0;162.0;371.0;1.0;0.0;156.0;113.0;180.0;0.0;60.0;186.0;0.0
2021-11-23 06:00:00+01:00;0.0;158.0;139.0;0.0;0.0;127.0;343.0;295.0;320.0;0.0;109.0;186.0;370.0;1.0;0.0;224.0;72.0;138.0;29.0;62.0;286.0;0.0
2021-11-23 07:00:00+01:00;0.0;162.0;59.0;0.0;0.0;127.0;455.0;244.0;245.0;0.0;108.0;176.0;341.0;1.0;0.0;397.0;59.0;130.0;94.0;60.0;326.0;0.0
2021-11-23 08:00:00+01:00;0.0;163.0;33.0;0.0;0.0;128.0;476.0;174.0;263.0;0.0;89.0;181.0;360.0;1.0;0.0;395.0;61.0;119.0;94.0;57.0;316.0;0.0
2021-11-23 09:00:00+01:00;0.0;163.0;59.0;0.0;0.0;128.0;476.0;108.0;180.0;0.0;105.0;190.0;349.0;1.0;0.0;269.0;46.0;99.0;94.0;58.0;318.0;0.0
2021-11-23 10:00:00+01:00;0.0;163.0;95.0;0.0;0.0;128.0;476.0;99.0;117.0;0.0;98.0;165.0;345.0;1.0;0.0;158.0;67.0;100.0;52.0;42.0;220.0;0.0
2021-11-23 11:00:00+01:00;0.0;163.0;142.0;0.0;0.0;129.0;476.0;116.0;109.0;0.0;100.0;172.0;347.0;1.0;0.0;176.0;69.0;112.0;66.0;57.0;189.0;0.0
2021-11-23 12:00:00+01:00;0.0;162.0;181.0;0.0;0.0;128.0;476.0;165.0;76.0;0.0;99.0;190.0;379.0;1.0;0.0;157.0;84.0;116.0;64.0;41.0;185.0;0.0
2021-11-23 13:00:00+01:00;0.0;161.0;216.0;0.0;0.0;128.0;476.0;143.0;83.0;0.0;128.0;163.0;363.0;1.0;33.0;158.0;84.0;108.0;65.0;44.0;209.0;0.0
2021-11-23 14:00:00+01:00;0.0;162.0;228.0;0.0;0.0;128.0;476.0;154.0;75.0;0.0;97.0;174.0;354.0;1.0;187.0;158.0;66.0;89.0;65.0;29.0;213.0;0.0
2021-11-23 15:00:00+01:00;0.0;159.0;222.0;0.0;0.0;128.0;477.0;263.0;98.0;0.0;119.0;173.0;353.0;1.0;255.0;176.0;69.0;85.0;64.0;48.0;204.0;0.0
2021-11-23 16:00:00+01:00;0.0;155.0;362.0;0.0;0.0;128.0;476.0;365.0;81.0;0.0;95.0;156.0;337.0;1.0;114.0;182.0;47.0;92.0;24.0;32.0;219.0;0.0
2021-11-23 17:00:00+01:00;0.0;156.0;382.0;0.0;0.0;128.0;472.0;358.0;74.0;0.0;86.0;163.0;328.0;1.0;0.0;161.0;54.0;78.0;74.0;41.0;181.0;0.0
2021-11-23 18:00:00+01:00;0.0;159.0;380.0;0.0;0.0;128.0;470.0;476.0;75.0;0.0;86.0;166.0;335.0;1.0;52.0;153.0;63.0;113.0;86.0;33.0;177.0;0.0
2021-11-23 19:00:00+01:00;0.0;160.0;396.0;0.0;0.0;118.0;347.0;506.0;84.0;0.0;90.0;153.0;339.0;1.0;0.0;172.0;96.0;136.0;26.0;26.0;143.0;0.0
2021-11-23 20:00:00+01:00;0.0;159.0;395.0;0.0;0.0;128.0;341.0;533.0;172.0;0.0;78.0;158.0;327.0;1.0;0.0;268.0;101.0;152.0;7.0;51.0;224.0;0.0
2021-11-23 21:00:00+01:00;0.0;158.0;395.0;0.0;0.0;128.0;346.0;537.0;115.0;0.0;71.0;141.0;291.0;1.0;0.0;331.0;93.0;151.0;0.0;46.0;216.0;0.0
2021-11-23 22:00:00+01:00;0.0;155.0;385.0;0.0;0.0;102.0;222.0;525.0;88.0;0.0;76.0;132.0;252.0;1.0;0.0;135.0;108.0;152.0;0.0;44.0;162.0;0.0
2021-11-23 23:00:00+01:00;0.0;147.0;400.0;0.0;0.0;102.0;222.0;503.0;71.0;0.0;79.0;104.0;249.0;1.0;0.0;130.0;105.0;151.0;0.0;33.0;146.0;0.0
2021-11-24 00:00:00+01:00;0.0;129.0;400.0;0.0;0.0;88.0;120.0;514.0;68.0;0.0;72.0;73.0;272.0;1.0;0.0;131.0;105.0;154.0;0.0;19.0;136.0;0.0
2021-11-24 01:00:00+01:00;0.0;122.0;400.0;0.0;0.0;99.0;22.0;429.0;72.0;0.0;100.0;99.0;287.0;1.0;0.0;130.0;116.0;163.0;0.0;18.0;135.0;0.0
2021-11-24 02:00:00+01:00;0.0;121.0;400.0;0.0;0.0;76.0;0.0;446.0;79.0;0.0;75.0;139.0;280.0;1.0;0.0;126.0;104.0;161.0;0.0;15.0;186.0;0.0
2021-11-24 03:00:00+01:00;0.0;133.0;400.0;0.0;0.0;91.0;0.0;455.0;75.0;0.0;78.0;80.0;273.0;1.0;0.0;105.0;79.0;153.0;0.0;20.0;141.0;0.0
2021-11-24 04:00:00+01:00;0.0;131.0;400.0;0.0;0.0;93.0;0.0;480.0;85.0;0.0;70.0;97.0;223.0;1.0;0.0;101.0;90.0;124.0;0.0;36.0;193.0;0.0
2021-11-24 05:00:00+01:00;0.0;130.0;400.0;0.0;0.0;96.0;0.0;440.0;85.0;0.0;57.0;83.0;211.0;1.0;0.0;125.0;56.0;125.0;0.0;40.0;162.0;0.0
2021-11-24 06:00:00+01:00;0.0;146.0;400.0;0.0;0.0;94.0;0.0;406.0;134.0;0.0;42.0;105.0;182.0;1.0;0.0;183.0;52.0;126.0;0.0;54.0;212.0;0.0
2021-11-24 07:00:00+01:00;0.0;163.0;400.0;0.0;0.0;92.0;4.0;470.0;265.0;0.0;72.0;118.0;261.0;1.0;0.0;358.0;65.0;105.0;46.0;69.0;319.0;0.0
2021-11-24 08:00:00+01:00;0.0;162.0;384.0;0.0;0.0;99.0;106.0;469.0;271.0;0.0;52.0;126.0;252.0;1.0;0.0;345.0;52.0;100.0;94.0;68.0;251.0;0.0
2021-11-24 09:00:00+01:00;0.0;161.0;277.0;0.0;0.0;126.0;206.0;441.0;223.0;0.0;66.0;126.0;278.0;1.0;0.0;165.0;48.0;99.0;95.0;57.0;329.0;0.0
2021-11-24 10:00:00+01:00;0.0;162.0;279.0;0.0;0.0;119.0;338.0;413.0;192.0;0.0;80.0;145.0;286.0;1.0;0.0;211.0;43.0;77.0;94.0;67.0;330.0;0.0
2021-11-24 11:00:00+01:00;0.0;161.0;231.0;0.0;0.0;125.0;372.0;370.0;180.0;0.0;82.0;151.0;278.0;1.0;0.0;215.0;56.0;89.0;95.0;57.0;309.0;0.0
2021-11-24 12:00:00+01:00;0.0;157.0;223.0;0.0;0.0;134.0;336.0;310.0;153.0;0.0;95.0;137.0;279.0;1.0;0.0;157.0;60.0;92.0;95.0;34.0;265.0;0.0
2021-11-24 13:00:00+01:00;0.0;159.0;204.0;0.0;0.0;125.0;410.0;265.0;189.0;0.0;74.0;145.0;275.0;1.0;0.0;159.0;60.0;102.0;76.0;19.0;170.0;0.0
2021-11-24 14:00:00+01:00;0.0;162.0;187.0;0.0;0.0;111.0;409.0;293.0;126.0;0.0;76.0;130.0;252.0;1.0;0.0;196.0;57.0;86.0;95.0;14.0;174.0;0.0
2021-11-24 15:00:00+01:00;0.0;162.0;145.0;0.0;0.0;127.0;393.0;268.0;123.0;0.0;79.0;120.0;262.0;1.0;0.0;159.0;73.0;108.0;95.0;20.0;179.0;0.0
2021-11-24 16:00:00+01:00;0.0;162.0;190.0;0.0;0.0;137.0;422.0;206.0;257.0;0.0;96.0;123.0;241.0;1.0;0.0;220.0;66.0;91.0;95.0;56.0;321.0;0.0
2021-11-24 17:00:00+01:00;0.0;162.0;252.0;0.0;0.0;126.0;380.0;219.0;184.0;0.0;63.0;124.0;269.0;1.0;0.0;160.0;75.0;103.0;94.0;54.0;253.0;0.0
2021-11-24 18:00:00+01:00;0.0;161.0;208.0;0.0;0.0;118.0;348.0;328.0;190.0;0.0;82.0;139.0;253.0;1.0;0.0;158.0;89.0;109.0;95.0;24.0;205.0;0.0
2021-11-24 19:00:00+01:00;0.0;162.0;182.0;0.0;0.0;104.0;200.0;472.0;99.0;0.0;56.0;124.0;263.0;1.0;0.0;150.0;123.0;168.0;75.0;15.0;192.0;0.0
2021-11-24 20:00:00+01:00;0.0;162.0;192.0;0.0;0.0;104.0;235.0;505.0;66.0;0.0;68.0;138.0;294.0;1.0;0.0;146.0;129.0;170.0;65.0;15.0;152.0;0.0
2021-11-24 21:00:00+01:00;0.0;160.0;220.0;0.0;0.0;106.0;295.0;537.0;71.0;0.0;73.0;106.0;287.0;1.0;0.0;151.0;132.0;171.0;7.0;15.0;132.0;0.0
2021-11-24 22:00:00+01:00;0.0;158.0;230.0;0.0;0.0;106.0;304.0;516.0;76.0;0.0;67.0;113.0;286.0;1.0;0.0;151.0;137.0;172.0;0.0;15.0;186.0;0.0
2021-11-24 23:00:00+01:00;0.0;159.0;262.0;0.0;0.0;108.0;213.0;551.0;84.0;0.0;82.0;62.0;285.0;1.0;0.0;150.0;127.0;170.0;0.0;17.0;131.0;0.0
2021-11-25 00:00:00+01:00;0.0;164.0;266.0;0.0;0.0;106.0;256.0;571.0;218.0;0.0;69.0;116.0;245.0;1.0;0.0;152.0;124.0;171.0;0.0;56.0;284.0;0.0
2021-11-25 01:00:00+01:00;0.0;162.0;244.0;0.0;0.0;109.0;185.0;575.0;236.0;0.0;61.0;131.0;257.0;1.0;0.0;215.0;111.0;156.0;0.0;65.0;299.0;0.0
2021-11-25 02:00:00+01:00;0.0;157.0;250.0;0.0;0.0;106.0;157.0;574.0;282.0;0.0;58.0;64.0;129.0;1.0;0.0;352.0;123.0;165.0;0.0;71.0;267.0;0.0
2021-11-25 03:00:00+01:00;0.0;158.0;256.0;0.0;0.0;108.0;167.0;576.0;184.0;0.0;30.0;43.0;99.0;1.0;0.0;350.0;126.0;173.0;0.0;63.0;264.0;0.0
2021-11-25 04:00:00+01:00;0.0;159.0;233.0;0.0;0.0;94.0;144.0;574.0;245.0;0.0;25.0;80.0;188.0;1.0;0.0;345.0;105.0;131.0;0.0;58.0;267.0;0.0
2021-11-25 05:00:00+01:00;0.0;158.0;215.0;0.0;0.0;106.0;140.0;570.0;85.0;0.0;48.0;111.0;272.0;1.0;0.0;290.0;77.0;104.0;33.0;57.0;249.0;0.0
2021-11-25 06:00:00+01:00;0.0;158.0;153.0;0.0;0.0;113.0;285.0;570.0;4.0;0.0;83.0;154.0;316.0;1.0;0.0;379.0;83.0;102.0;94.0;58.0;237.0;0.0
2021-11-25 07:00:00+01:00;0.0;161.0;131.0;0.0;0.0;107.0;233.0;566.0;4.0;0.0;118.0;182.0;375.0;1.0;0.0;232.0;109.0;136.0;94.0;57.0;187.0;0.0
2021-11-25 08:00:00+01:00;0.0;161.0;139.0;0.0;0.0;123.0;346.0;569.0;4.0;0.0;122.0;184.0;377.0;1.0;0.0;316.0;109.0;155.0;94.0;58.0;157.0;0.0
2021-11-25 09:00:00+01:00;0.0;164.0;126.0;0.0;0.0;92.0;210.0;569.0;4.0;0.0;122.0;186.0;384.0;1.0;0.0;219.0;116.0;174.0;89.0;57.0;174.0;0.0
2021-11-25 10:00:00+01:00;0.0;163.0;130.0;0.0;0.0;102.0;126.0;570.0;4.0;0.0;135.0;181.0;388.0;1.0;0.0;222.0;135.0;186.0;74.0;62.0;207.0;0.0
2021-11-25 11:00:00+01:00;0.0;161.0;232.0;0.0;0.0;91.0;116.0;570.0;4.0;0.0;142.0;187.0;395.0;1.0;0.0;219.0;144.0;180.0;50.0;67.0;130.0;0.0
2021-11-25 12:00:00+01:00;0.0;160.0;278.0;0.0;0.0;107.0;161.0;570.0;4.0;0.0;143.0;192.0;395.0;1.0;0.0;205.0;121.0;174.0;29.0;47.0;138.0;0.0
2021-11-25 13:00:00+01:00;0.0;156.0;318.0;0.0;0.0;106.0;185.0;560.0;4.0;0.0;146.0;189.0;395.0;1.0;0.0;206.0;95.0;174.0;29.0;45.0;185.0;0.0
2021-11-25 14:00:00+01:00;0.0;157.0;342.0;0.0;0.0;110.0;296.0;444.0;50.0;0.0;149.0;196.0;395.0;1.0;0.0;206.0;83.0;136.0;29.0;63.0;138.0;1.0
2021-11-25 15:00:00+01:00;0.0;160.0;390.0;0.0;0.0;110.0;354.0;416.0;109.0;0.0;151.0;176.0;395.0;1.0;0.0;226.0;114.0;183.0;29.0;15.0;145.0;0.0
2021-11-25 16:00:00+01:00;0.0;160.0;400.0;0.0;0.0;122.0;387.0;532.0;138.0;0.0;151.0;197.0;395.0;1.0;0.0;287.0;151.0;199.0;36.0;52.0;275.0;0.0
2021-11-25 17:00:00+01:00;0.0;163.0;400.0;0.0;0.0;122.0;392.0;547.0;124.0;0.0;151.0;197.0;394.0;1.0;0.0;234.0;154.0;197.0;49.0;70.0;232.0;0.0
2021-11-25 18:00:00+01:00;0.0;164.0;400.0;0.0;0.0;107.0;299.0;569.0;92.0;0.0;150.0;197.0;395.0;1.0;0.0;265.0;155.0;198.0;85.0;29.0;195.0;0.0
2021-11-25 19:00:00+01:00;0.0;164.0;400.0;0.0;0.0;122.0;344.0;569.0;250.0;0.0;149.0;191.0;391.0;1.0;0.0;201.0;158.0;198.0;94.0;49.0;324.0;0.0
2021-11-25 20:00:00+01:00;0.0;164.0;366.0;0.0;0.0;122.0;334.0;569.0;300.0;0.0;120.0;189.0;393.0;1.0;0.0;350.0;157.0;195.0;94.0;60.0;300.0;0.0
2021-11-25 21:00:00+01:00;0.0;164.0;367.0;0.0;0.0;121.0;320.0;569.0;278.0;0.0;142.0;180.0;332.0;1.0;0.0;350.0;139.0;185.0;27.0;59.0;326.0;0.0
2021-11-25 22:00:00+01:00;0.0;163.0;241.0;0.0;0.0;123.0;324.0;568.0;281.0;0.0;106.0;196.0;393.0;1.0;0.0;350.0;118.0;174.0;0.0;57.0;289.0;0.0
2021-11-25 23:00:00+01:00;0.0;164.0;299.0;0.0;0.0;122.0;331.0;567.0;178.0;0.0;103.0;188.0;359.0;1.0;0.0;350.0;93.0;157.0;0.0;57.0;290.0;0.0
2021-11-26 00:00:00+01:00;0.0;164.0;199.0;0.0;0.0;121.0;320.0;557.0;137.0;0.0;94.0;158.0;324.0;1.0;0.0;356.0;83.0;143.0;0.0;56.0;293.0;0.0
2021-11-26 01:00:00+01:00;0.0;155.0;128.0;0.0;0.0;119.0;316.0;546.0;230.0;0.0;66.0;99.0;212.0;1.0;0.0;356.0;85.0;144.0;0.0;56.0;292.0;0.0
2021-11-26 02:00:00+01:00;0.0;155.0;56.0;0.0;0.0;120.0;320.0;487.0;183.0;0.0;46.0;119.0;135.0;1.0;0.0;359.0;85.0;151.0;0.0;57.0;284.0;0.0
2021-11-26 03:00:00+01:00;0.0;157.0;41.0;0.0;0.0;122.0;324.0;481.0;189.0;0.0;52.0;66.0;196.0;1.0;0.0;362.0;102.0;150.0;0.0;57.0;289.0;0.0
2021-11-26 04:00:00+01:00;0.0;157.0;40.0;0.0;0.0;118.0;322.0;477.0;308.0;0.0;22.0;14.0;69.0;1.0;0.0;363.0;89.0;149.0;20.0;57.0;293.0;0.0
2021-11-26 05:00:00+01:00;0.0;160.0;12.0;0.0;0.0;123.0;338.0;422.0;324.0;0.0;7.0;34.0;19.0;1.0;0.0;376.0;76.0;119.0;93.0;56.0;285.0;0.0
2021-11-26 06:00:00+01:00;0.0;160.0;16.0;0.0;0.0;123.0;383.0;352.0;279.0;0.0;30.0;64.0;83.0;1.0;0.0;367.0;55.0;112.0;94.0;56.0;282.0;0.0
2021-11-26 07:00:00+01:00;0.0;161.0;11.0;0.0;0.0;122.0;456.0;272.0;263.0;0.0;1.0;51.0;97.0;1.0;12.0;341.0;39.0;60.0;94.0;61.0;320.0;0.0
2021-11-26 08:00:00+01:00;0.0;163.0;7.0;0.0;0.0;123.0;479.0;231.0;220.0;0.0;75.0;94.0;115.0;1.0;24.0;336.0;18.0;45.0;94.0;68.0;326.0;0.0
2021-11-26 09:00:00+01:00;0.0;163.0;2.0;0.0;0.0;108.0;309.0;123.0;181.0;0.0;61.0;106.0;237.0;1.0;0.0;275.0;28.0;42.0;94.0;30.0;234.0;0.0
2021-11-26 10:00:00+01:00;0.0;161.0;3.0;0.0;0.0;109.0;281.0;98.0;188.0;0.0;117.0;171.0;314.0;1.0;0.0;155.0;33.0;47.0;94.0;19.0;227.0;0.0
2021-11-26 11:00:00+01:00;0.0;162.0;12.0;0.0;0.0;109.0;147.0;67.0;149.0;0.0;135.0;196.0;381.0;1.0;0.0;158.0;63.0;82.0;77.0;42.0;194.0;0.0
2021-11-26 12:00:00+01:00;0.0;159.0;58.0;0.0;0.0;111.0;191.0;26.0;117.0;0.0;142.0;196.0;386.0;1.0;0.0;166.0;52.0;87.0;93.0;56.0;291.0;0.0
2021-11-26 13:00:00+01:00;0.0;158.0;110.0;0.0;0.0;104.0;241.0;198.0;126.0;0.0;144.0;193.0;383.0;1.0;0.0;156.0;56.0;81.0;84.0;57.0;233.0;0.0
2021-11-26 14:00:00+01:00;0.0;158.0;147.0;0.0;0.0;108.0;180.0;166.0;98.0;0.0;147.0;150.0;374.0;1.0;0.0;162.0;53.0;84.0;65.0;56.0;200.0;0.0
2021-11-26 15:00:00+01:00;0.0;158.0;203.0;0.0;0.0;112.0;279.0;166.0;98.0;0.0;148.0;158.0;387.0;1.0;0.0;203.0;43.0;73.0;85.0;56.0;203.0;0.0
2021-11-26 16:00:00+01:00;0.0;158.0;333.0;0.0;0.0;107.0;179.0;115.0;98.0;0.0;148.0;170.0;387.0;1.0;0.0;156.0;49.0;97.0;26.0;40.0;213.0;0.0
2021-11-26 17:00:00+01:00;0.0;160.0;357.0;0.0;0.0;107.0;173.0;115.0;105.0;0.0;149.0;179.0;387.0;1.0;0.0;154.0;63.0;144.0;25.0;47.0;226.0;0.0
2021-11-26 18:00:00+01:00;0.0;162.0;396.0;0.0;0.0;122.0;335.0;133.0;128.0;0.0;148.0;191.0;387.0;1.0;0.0;161.0;73.0;141.0;26.0;56.0;246.0;0.0
2021-11-26 19:00:00+01:00;0.0;161.0;399.0;0.0;0.0;123.0;330.0;208.0;239.0;0.0;149.0;197.0;387.0;1.0;0.0;234.0;66.0;109.0;93.0;45.0;266.0;0.0
2021-11-26 20:00:00+01:00;0.0;160.0;400.0;0.0;0.0;123.0;321.0;205.0;182.0;0.0;149.0;197.0;387.0;1.0;0.0;299.0;70.0;93.0;94.0;13.0;265.0;0.0
2021-11-26 21:00:00+01:00;0.0;159.0;400.0;0.0;0.0;123.0;326.0;197.0;189.0;0.0;149.0;197.0;387.0;1.0;0.0;172.0;79.0;97.0;22.0;13.0;261.0;0.0
2021-11-26 22:00:00+01:00;0.0;162.0;400.0;0.0;0.0;122.0;336.0;204.0;253.0;0.0;149.0;197.0;386.0;1.0;0.0;163.0;81.0;116.0;0.0;13.0;268.0;0.0
2021-11-26 23:00:00+01:00;0.0;158.0;401.0;0.0;0.0;123.0;337.0;164.0;354.0;0.0;148.0;197.0;387.0;1.0;0.0;212.0;53.0;68.0;0.0;13.0;267.0;0.0
2021-11-27 00:00:00+01:00;0.0;150.0;401.0;0.0;0.0;123.0;328.0;104.0;308.0;0.0;146.0;196.0;386.0;1.0;0.0;396.0;38.0;54.0;0.0;13.0;309.0;0.0
2021-11-27 01:00:00+01:00;0.0;151.0;401.0;0.0;0.0;120.0;323.0;127.0;230.0;0.0;143.0;192.0;373.0;1.0;0.0;394.0;49.0;71.0;0.0;13.0;283.0;0.0
2021-11-27 02:00:00+01:00;0.0;149.0;400.0;0.0;0.0;120.0;303.0;174.0;235.0;0.0;142.0;191.0;376.0;1.0;0.0;239.0;53.0;70.0;0.0;13.0;235.0;0.0
2021-11-27 03:00:00+01:00;0.0;148.0;401.0;0.0;0.0;118.0;279.0;231.0;226.0;0.0;140.0;192.0;369.0;1.0;0.0;375.0;61.0;87.0;0.0;13.0;242.0;0.0
2021-11-27 04:00:00+01:00;0.0;153.0;401.0;0.0;0.0;117.0;284.0;254.0;170.0;0.0;118.0;183.0;357.0;1.0;0.0;206.0;57.0;97.0;0.0;13.0;238.0;0.0
2021-11-27 05:00:00+01:00;0.0;157.0;401.0;0.0;0.0;109.0;310.0;201.0;103.0;0.0;103.0;185.0;358.0;1.0;0.0;154.0;58.0;95.0;0.0;13.0;255.0;0.0
2021-11-27 06:00:00+01:00;0.0;154.0;400.0;0.0;0.0;114.0;326.0;166.0;99.0;0.0;122.0;170.0;367.0;1.0;0.0;170.0;57.0;86.0;10.0;13.0;223.0;0.0
2021-11-27 07:00:00+01:00;0.0;153.0;401.0;0.0;0.0;122.0;344.0;179.0;175.0;0.0;131.0;193.0;371.0;1.0;0.0;276.0;42.0;68.0;93.0;14.0;292.0;0.0
2021-11-27 08:00:00+01:00;0.0;161.0;401.0;0.0;0.0;118.0;457.0;140.0;174.0;0.0;134.0;195.0;367.0;1.0;0.0;176.0;62.0;82.0;94.0;52.0;291.0;0.0
2021-11-27 09:00:00+01:00;0.0;157.0;400.0;0.0;0.0;122.0;386.0;138.0;116.0;0.0;131.0;195.0;374.0;1.0;0.0;279.0;68.0;103.0;94.0;49.0;239.0;0.0
2021-11-27 10:00:00+01:00;0.0;160.0;399.0;0.0;0.0;122.0;332.0;156.0;221.0;0.0;114.0;192.0;375.0;1.0;0.0;262.0;46.0;87.0;94.0;56.0;235.0;0.0
2021-11-27 11:00:00+01:00;0.0;162.0;376.0;0.0;0.0;123.0;332.0;181.0;279.0;0.0;106.0;188.0;364.0;1.0;0.0;397.0;52.0;85.0;94.0;56.0;306.0;0.0
2021-11-27 12:00:00+01:00;0.0;161.0;316.0;0.0;0.0;123.0;341.0;174.0;246.0;0.0;106.0;186.0;359.0;1.0;0.0;396.0;43.0;68.0;94.0;64.0;337.0;0.0
2021-11-27 13:00:00+01:00;0.0;160.0;286.0;0.0;0.0;123.0;412.0;116.0;311.0;0.0;113.0;185.0;345.0;1.0;0.0;397.0;42.0;57.0;94.0;59.0;180.0;0.0
2021-11-27 14:00:00+01:00;0.0;154.0;263.0;0.0;0.0;123.0;399.0;86.0;299.0;0.0;110.0;155.0;309.0;1.0;0.0;397.0;59.0;73.0;94.0;64.0;186.0;0.0
2021-11-27 15:00:00+01:00;0.0;140.0;278.0;0.0;0.0;123.0;370.0;142.0;284.0;0.0;71.0;116.0;262.0;1.0;0.0;397.0;76.0;100.0;94.0;63.0;316.0;0.0
2021-11-27 16:00:00+01:00;0.0;145.0;277.0;0.0;0.0;124.0;417.0;178.0;247.0;0.0;88.0;153.0;335.0;1.0;0.0;397.0;85.0;101.0;94.0;56.0;319.0;0.0
2021-11-27 17:00:00+01:00;0.0;135.0;338.0;0.0;0.0;123.0;417.0;179.0;296.0;0.0;98.0;135.0;276.0;1.0;0.0;397.0;71.0;81.0;94.0;57.0;331.0;0.0
2021-11-27 18:00:00+01:00;0.0;153.0;360.0;0.0;0.0;123.0;357.0;196.0;255.0;0.0;94.0;111.0;239.0;1.0;0.0;397.0;42.0;52.0;94.0;56.0;312.0;0.0
2021-11-27 19:00:00+01:00;0.0;139.0;355.0;0.0;0.0;122.0;375.0;159.0;231.0;0.0;73.0;99.0;243.0;1.0;0.0;397.0;27.0;33.0;94.0;57.0;344.0;0.0
2021-11-27 20:00:00+01:00;0.0;143.0;269.0;0.0;0.0;124.0;388.0;81.0;289.0;0.0;72.0;98.0;227.0;1.0;0.0;386.0;19.0;19.0;94.0;57.0;338.0;0.0
2021-11-27 21:00:00+01:00;0.0;146.0;185.0;0.0;0.0;122.0;387.0;53.0;295.0;0.0;66.0;86.0;207.0;1.0;0.0;376.0;15.0;21.0;94.0;56.0;316.0;0.0
2021-11-27 22:00:00+01:00;0.0;147.0;163.0;0.0;0.0;123.0;362.0;30.0;291.0;0.0;53.0;69.0;146.0;1.0;0.0;356.0;7.0;13.0;94.0;56.0;274.0;0.0
2021-11-27 23:00:00+01:00;0.0;156.0;132.0;0.0;0.0;121.0;318.0;9.0;292.0;0.0;45.0;48.0;101.0;1.0;0.0;368.0;0.0;7.0;94.0;55.0;274.0;0.0
2021-11-28 00:00:00+01:00;0.0;157.0;119.0;0.0;0.0;116.0;314.0;26.0;272.0;0.0;22.0;41.0;94.0;1.0;0.0;368.0;0.0;3.0;23.0;57.0;283.0;0.0
2021-11-28 01:00:00+01:00;0.0;156.0;130.0;0.0;0.0;107.0;316.0;9.0;266.0;0.0;17.0;31.0;71.0;1.0;0.0;368.0;0.0;1.0;0.0;58.0;279.0;0.0
2021-11-28 02:00:00+01:00;0.0;156.0;111.0;0.0;0.0;117.0;336.0;5.0;265.0;0.0;12.0;42.0;109.0;1.0;0.0;368.0;0.0;0.0;0.0;58.0;283.0;0.0
2021-11-28 03:00:00+01:00;0.0;154.0;179.0;0.0;0.0;118.0;335.0;0.0;164.0;0.0;18.0;53.0;98.0;1.0;0.0;365.0;0.0;0.0;0.0;56.0;282.0;0.0
2021-11-28 04:00:00+01:00;0.0;159.0;179.0;0.0;0.0;117.0;333.0;0.0;228.0;0.0;26.0;23.0;50.0;1.0;0.0;361.0;0.0;0.0;0.0;57.0;270.0;0.0
2021-11-28 05:00:00+01:00;0.0;161.0;166.0;0.0;0.0;108.0;299.0;0.0;324.0;0.0;16.0;12.0;30.0;1.0;0.0;360.0;0.0;1.0;13.0;57.0;270.0;0.0
2021-11-28 06:00:00+01:00;0.0;161.0;182.0;0.0;0.0;121.0;318.0;0.0;272.0;0.0;13.0;9.0;40.0;1.0;0.0;365.0;0.0;4.0;93.0;57.0;269.0;0.0
2021-11-28 07:00:00+01:00;0.0;160.0;155.0;0.0;0.0;122.0;402.0;0.0;304.0;0.0;9.0;8.0;40.0;1.0;0.0;387.0;0.0;2.0;94.0;57.0;268.0;0.0
2021-11-28 08:00:00+01:00;0.0;158.0;145.0;0.0;0.0;121.0;393.0;0.0;290.0;0.0;3.0;17.0;45.0;1.0;0.0;368.0;0.0;4.0;94.0;57.0;271.0;0.0
2021-11-28 09:00:00+01:00;0.0;156.0;141.0;0.0;0.0;122.0;326.0;0.0;269.0;0.0;9.0;32.0;66.0;1.0;0.0;363.0;1.0;6.0;94.0;57.0;300.0;0.0
2021-11-28 10:00:00+01:00;0.0;157.0;137.0;0.0;0.0;123.0;327.0;0.0;265.0;0.0;16.0;26.0;102.0;1.0;0.0;364.0;0.0;2.0;94.0;57.0;283.0;0.0
2021-11-28 11:00:00+01:00;0.0;160.0;247.0;0.0;0.0;122.0;321.0;1.0;166.0;0.0;8.0;159.0;194.0;1.0;0.0;387.0;1.0;0.0;94.0;57.0;304.0;0.0
2021-11-28 12:00:00+01:00;0.0;161.0;358.0;0.0;0.0;121.0;324.0;11.0;247.0;0.0;3.0;96.0;52.0;1.0;0.0;385.0;2.0;0.0;94.0;57.0;311.0;0.0
2021-11-28 13:00:00+01:00;0.0;160.0;344.0;0.0;0.0;122.0;329.0;14.0;288.0;0.0;6.0;39.0;88.0;1.0;0.0;368.0;3.0;0.0;94.0;51.0;342.0;0.0
2021-11-28 14:00:00+01:00;0.0;160.0;392.0;0.0;0.0;122.0;326.0;16.0;287.0;0.0;10.0;71.0;71.0;1.0;0.0;368.0;3.0;0.0;94.0;17.0;334.0;0.0
2021-11-28 15:00:00+01:00;0.0;158.0;400.0;0.0;0.0;122.0;324.0;51.0;310.0;0.0;3.0;7.0;9.0;1.0;0.0;349.0;1.0;0.0;94.0;14.0;313.0;0.0
2021-11-28 16:00:00+01:00;0.0;148.0;401.0;0.0;0.0;123.0;322.0;41.0;261.0;0.0;8.0;10.0;21.0;1.0;0.0;350.0;0.0;0.0;94.0;14.0;316.0;0.0
2021-11-28 17:00:00+01:00;0.0;147.0;401.0;0.0;0.0;123.0;317.0;25.0;280.0;0.0;12.0;15.0;39.0;1.0;0.0;370.0;0.0;0.0;94.0;14.0;320.0;0.0
2021-11-28 18:00:00+01:00;0.0;147.0;400.0;0.0;0.0;123.0;398.0;16.0;269.0;0.0;27.0;33.0;51.0;1.0;0.0;397.0;0.0;0.0;94.0;14.0;338.0;0.0
2021-11-28 19:00:00+01:00;0.0;147.0;401.0;0.0;0.0;122.0;362.0;16.0;239.0;0.0;15.0;29.0;30.0;1.0;0.0;397.0;0.0;1.0;94.0;14.0;327.0;0.0
2021-11-28 20:00:00+01:00;0.0;147.0;400.0;0.0;0.0;122.0;321.0;25.0;267.0;0.0;4.0;11.0;16.0;1.0;0.0;396.0;0.0;0.0;94.0;14.0;326.0;0.0
2021-11-28 21:00:00+01:00;0.0;146.0;399.0;0.0;0.0;123.0;311.0;21.0;250.0;0.0;9.0;18.0;32.0;1.0;0.0;397.0;0.0;0.0;94.0;14.0;297.0;0.0
2021-11-28 22:00:00+01:00;0.0;141.0;400.0;0.0;0.0;123.0;293.0;3.0;257.0;0.0;17.0;25.0;47.0;1.0;0.0;396.0;0.0;2.0;20.0;14.0;270.0;1.0
2021-11-28 23:00:00+01:00;0.0;144.0;400.0;0.0;0.0;121.0;309.0;0.0;209.0;0.0;17.0;26.0;73.0;1.0;0.0;328.0;0.0;1.0;0.0;14.0;271.0;1.0
2021-11-29 00:00:00+01:00;0.0;158.0;400.0;0.0;0.0;123.0;302.0;0.0;265.0;0.0;25.0;50.0;122.0;1.0;0.0;377.0;0.0;1.0;0.0;14.0;271.0;1.0
2021-11-29 01:00:00+01:00;0.0;158.0;394.0;0.0;0.0;122.0;314.0;0.0;180.0;0.0;50.0;109.0;327.0;1.0;0.0;365.0;0.0;0.0;0.0;14.0;271.0;1.0
2021-11-29 02:00:00+01:00;0.0;159.0;374.0;0.0;0.0;122.0;315.0;8.0;270.0;0.0;100.0;182.0;394.0;1.0;0.0;356.0;1.0;5.0;0.0;14.0;271.0;1.0
2021-11-29 03:00:00+01:00;0.0;160.0;330.0;0.0;0.0;122.0;318.0;62.0;260.0;0.0;124.0;200.0;395.0;1.0;0.0;353.0;5.0;8.0;0.0;14.0;271.0;1.0
2021-11-29 04:00:00+01:00;0.0;160.0;247.0;0.0;0.0;123.0;325.0;296.0;327.0;0.0;138.0;200.0;395.0;1.0;0.0;349.0;0.0;7.0;0.0;14.0;278.0;1.0
2021-11-29 05:00:00+01:00;0.0;160.0;250.0;0.0;0.0;122.0;318.0;454.0;253.0;0.0;126.0;194.0;376.0;1.0;0.0;348.0;5.0;5.0;3.0;14.0;272.0;1.0
2021-11-29 06:00:00+01:00;0.0;161.0;268.0;0.0;0.0;123.0;303.0;552.0;256.0;0.0;93.0;154.0;308.0;1.0;0.0;341.0;16.0;29.0;90.0;14.0;271.0;1.0
2021-11-29 07:00:00+01:00;0.0;161.0;208.0;0.0;0.0;122.0;330.0;569.0;249.0;0.0;78.0;152.0;334.0;1.0;0.0;328.0;24.0;69.0;94.0;15.0;276.0;1.0
2021-11-29 08:00:00+01:00;0.0;161.0;147.0;0.0;0.0;119.0;387.0;567.0;267.0;0.0;85.0;125.0;297.0;1.0;0.0;338.0;67.0;88.0;92.0;51.0;295.0;1.0
2021-11-29 09:00:00+01:00;0.0;162.0;83.0;0.0;0.0;121.0;441.0;525.0;288.0;0.0;77.0;106.0;220.0;1.0;0.0;337.0;81.0;93.0;94.0;56.0;313.0;1.0
2021-11-29 10:00:00+01:00;0.0;161.0;51.0;0.0;0.0;122.0;440.0;433.0;348.0;0.0;61.0;59.0;144.0;1.0;0.0;338.0;88.0;93.0;94.0;56.0;294.0;1.0
2021-11-29 11:00:00+01:00;0.0;162.0;35.0;0.0;0.0;122.0;359.0;321.0;318.0;0.0;43.0;33.0;76.0;1.0;0.0;337.0;86.0;85.0;94.0;57.0;314.0;1.0
2021-11-29 12:00:00+01:00;0.0;161.0;22.0;0.0;0.0;122.0;385.0;247.0;296.0;0.0;17.0;11.0;32.0;1.0;0.0;363.0;50.0;63.0;94.0;57.0;316.0;1.0
2021-11-29 13:00:00+01:00;0.0;160.0;8.0;0.0;0.0;121.0;442.0;224.0;281.0;0.0;1.0;3.0;21.0;1.0;0.0;339.0;23.0;53.0;94.0;57.0;319.0;1.0
2021-11-29 14:00:00+01:00;0.0;158.0;16.0;0.0;0.0;121.0;443.0;148.0;321.0;0.0;0.0;7.0;23.0;1.0;0.0;397.0;19.0;45.0;94.0;35.0;316.0;0.0
2021-11-29 15:00:00+01:00;0.0;147.0;23.0;0.0;0.0;122.0;443.0;134.0;383.0;0.0;0.0;1.0;1.0;1.0;0.0;397.0;15.0;35.0;94.0;14.0;322.0;0.0
2021-11-29 16:00:00+01:00;0.0;149.0;23.0;0.0;0.0;123.0;443.0;120.0;381.0;0.0;0.0;0.0;0.0;1.0;0.0;397.0;15.0;22.0;94.0;13.0;326.0;0.0
2021-11-29 17:00:00+01:00;0.0;154.0;9.0;0.0;0.0;115.0;367.0;135.0;317.0;0.0;0.0;0.0;0.0;1.0;0.0;393.0;11.0;20.0;94.0;13.0;331.0;1.0
2021-11-29 18:00:00+01:00;0.0;148.0;0.0;0.0;0.0;123.0;325.0;133.0;305.0;0.0;0.0;3.0;8.0;1.0;0.0;370.0;13.0;17.0;94.0;13.0;329.0;1.0
2021-11-29 19:00:00+01:00;0.0;149.0;0.0;0.0;0.0;121.0;424.0;103.0;260.0;0.0;5.0;29.0;69.0;1.0;0.0;391.0;10.0;5.0;94.0;7.0;323.0;1.0
2021-11-29 20:00:00+01:00;0.0;149.0;3.0;0.0;0.0;99.0;441.0;60.0;225.0;0.0;34.0;84.0;194.0;1.0;0.0;395.0;0.0;0.0;94.0;0.0;306.0;1.0
2021-11-29 21:00:00+01:00;0.0;161.0;24.0;0.0;0.0;0.0;441.0;61.0;248.0;0.0;85.0;117.0;313.0;1.0;0.0;397.0;0.0;0.0;94.0;0.0;276.0;1.0
2021-11-29 22:00:00+01:00;0.0;160.0;45.0;0.0;0.0;0.0;330.0;58.0;254.0;0.0;82.0;121.0;264.0;1.0;0.0;335.0;1.0;5.0;91.0;0.0;271.0;1.0
2021-11-29 23:00:00+01:00;0.0;146.0;93.0;0.0;0.0;0.0;305.0;107.0;160.0;0.0;137.0;198.0;392.0;1.0;0.0;160.0;29.0;105.0;47.0;0.0;241.0;1.0
2021-11-30 00:00:00+01:00;0.0;156.0;122.0;0.0;0.0;0.0;293.0;114.0;105.0;0.0;147.0;184.0;395.0;1.0;0.0;146.0;72.0;94.0;11.0;0.0;261.0;1.0
2021-11-30 01:00:00+01:00;0.0;161.0;256.0;0.0;0.0;0.0;293.0;145.0;120.0;0.0;148.0;181.0;395.0;1.0;0.0;149.0;90.0;112.0;0.0;0.0;191.0;1.0
2021-11-30 02:00:00+01:00;0.0;160.0;399.0;0.0;0.0;0.0;290.0;310.0;102.0;0.0;148.0;157.0;395.0;1.0;0.0;109.0;142.0;192.0;0.0;0.0;203.0;1.0
2021-11-30 03:00:00+01:00;0.0;161.0;400.0;0.0;0.0;0.0;293.0;509.0;101.0;0.0;148.0;140.0;395.0;1.0;0.0;103.0;159.0;200.0;0.0;0.0;202.0;1.0
2021-11-30 04:00:00+01:00;0.0;161.0;391.0;0.0;0.0;0.0;291.0;568.0;107.0;0.0;148.0;117.0;395.0;1.0;0.0;101.0;158.0;201.0;0.0;0.0;213.0;1.0
2021-11-30 05:00:00+01:00;0.0;161.0;395.0;0.0;0.0;0.0;293.0;577.0;104.0;0.0;146.0;108.0;395.0;1.0;0.0;102.0;157.0;198.0;0.0;0.0;223.0;1.0
2021-11-30 06:00:00+01:00;0.0;161.0;398.0;0.0;0.0;0.0;293.0;578.0;153.0;0.0;58.0;174.0;395.0;1.0;0.0;114.0;162.0;199.0;0.0;0.0;265.0;0.0
2021-11-30 07:00:00+01:00;0.0;161.0;390.0;0.0;0.0;0.0;293.0;578.0;124.0;0.0;146.0;153.0;395.0;1.0;0.0;112.0;161.0;199.0;0.0;0.0;263.0;0.0
2021-11-30 08:00:00+01:00;0.0;153.0;389.0;0.0;0.0;0.0;293.0;577.0;169.0;0.0;145.0;195.0;395.0;1.0;0.0;130.0;138.0;199.0;0.0;0.0;265.0;0.0
2021-11-30 09:00:00+01:00;0.0;152.0;291.0;0.0;0.0;0.0;302.0;578.0;102.0;0.0;97.0;144.0;393.0;1.0;0.0;194.0;162.0;199.0;0.0;0.0;212.0;0.0
2021-11-30 10:00:00+01:00;0.0;150.0;370.0;0.0;0.0;0.0;302.0;578.0;99.0;0.0;93.0;150.0;395.0;1.0;0.0;209.0;161.0;196.0;0.0;0.0;193.0;0.0
2021-11-30 11:00:00+01:00;0.0;149.0;400.0;0.0;0.0;0.0;294.0;578.0;80.0;0.0;105.0;160.0;395.0;1.0;0.0;321.0;161.0;149.0;0.0;0.0;163.0;0.0
2021-11-30 12:00:00+01:00;0.0;149.0;395.0;0.0;0.0;0.0;303.0;577.0;79.0;0.0;147.0;165.0;395.0;1.0;0.0;335.0;157.0;121.0;0.0;0.0;171.0;0.0
2021-11-30 13:00:00+01:00;0.0;151.0;383.0;0.0;0.0;0.0;301.0;578.0;80.0;0.0;148.0;145.0;393.0;1.0;0.0;322.0;158.0;144.0;0.0;0.0;218.0;0.0
2021-11-30 14:00:00+01:00;0.0;151.0;291.0;0.0;0.0;0.0;303.0;576.0;102.0;0.0;147.0;184.0;389.0;1.0;0.0;307.0;161.0;196.0;8.0;0.0;240.0;1.0
2021-11-30 15:00:00+01:00;0.0;152.0;196.0;0.0;0.0;0.0;301.0;570.0;238.0;0.0;145.0;194.0;382.0;1.0;0.0;267.0;161.0;197.0;91.0;0.0;270.0;1.0
2021-11-30 16:00:00+01:00;0.0;152.0;59.0;0.0;0.0;0.0;277.0;515.0;268.0;0.0;116.0;190.0;320.0;1.0;0.0;351.0;161.0;198.0;94.0;0.0;258.0;1.0
2021-11-30 17:00:00+01:00;0.0;151.0;15.0;0.0;0.0;0.0;283.0;432.0;326.0;0.0;57.0;167.0;276.0;1.0;0.0;265.0;158.0;199.0;94.0;0.0;271.0;1.0
2021-11-30 18:00:00+01:00;0.0;152.0;1.0;0.0;0.0;0.0;399.0;194.0;249.0;0.0;90.0;136.0;187.0;1.0;0.0;269.0;125.0;158.0;94.0;0.0;271.0;1.0
2021-11-30 19:00:00+01:00;0.0;160.0;0.0;0.0;0.0;0.0;457.0;84.0;297.0;0.0;36.0;65.0;134.0;1.0;0.0;394.0;82.0;85.0;94.0;0.0;281.0;1.0
2021-11-30 20:00:00+01:00;0.0;161.0;1.0;0.0;0.0;32.0;429.0;95.0;313.0;0.0;15.0;24.0;49.0;1.0;67.0;397.0;38.0;43.0;94.0;0.0;313.0;1.0
2021-11-30 21:00:00+01:00;0.0;121.0;10.0;0.0;0.0;91.0;451.0;98.0;260.0;0.0;3.0;4.0;30.0;1.0;238.0;397.0;14.0;22.0;94.0;0.0;315.0;1.0
2021-11-30 22:00:00+01:00;0.0;39.0;38.0;0.0;0.0;130.0;387.0;30.0;227.0;0.0;0.0;0.0;0.0;1.0;123.0;368.0;1.0;3.0;94.0;0.0;302.0;1.0
2021-11-30 23:00:00+01:00;0.0;36.0;31.0;0.0;0.0;141.0;338.0;9.0;248.0;0.0;0.0;4.0;2.0;1.0;0.0;368.0;0.0;0.0;19.0;0.0;291.0;1.0
